id,english,part_of_speech,created_at,updated_at
1,create,動詞,,
2,increase,動詞,,
3,improve,動詞,,
4,mean,動詞,,
5,own,動詞,,
6,include,動詞,,
7,consider,動詞,,
8,allow,動詞,,
9,suggest,動詞,,
10,produce,動詞,,
11,decide,動詞,,
12,offer,動詞,,
13,require,動詞,,
14,share,動詞,,
15,store,動詞,,
16,tend,動詞,,
17,concern,動詞,,
18,describe,動詞,,
19,involve,動詞,,
20,reduce,動詞,,
21,design,動詞,,
22,force,動詞,,
23,limit,動詞,,
24,bear,動詞,,
25,affect,動詞,,
26,deal,動詞,,
27,avoid,動詞,,
28,relate,動詞,,
29,realize,動詞,,
30,encourage,動詞,,
31,compare,動詞,,
32,measure,動詞,,
33,exist,動詞,,
34,mark,動詞,,
35,challenge,動詞,,
36,depend,動詞,,
37,object,動詞,,
38,demand,動詞,,
39,found,動詞,,
40,complete,動詞,,
41,idea,名詞,,
42,accord,名詞,,
43,company,名詞,,
44,interest,名詞,,
45,research,名詞,,
46,cause,名詞,,
47,reason,名詞,,
48,effect,名詞,,
49,influence,名詞,,
50,situation,名詞,,
51,environment,名詞,,
52,skill,名詞,,
53,matter,名詞,,
54,view,名詞,,
55,value,名詞,,
56,species ,名詞,,
57,thought,名詞,,
58,knowledge,名詞,,
59,memory,名詞,,
60,practice,名詞,,
61,benefit,名詞,,
62,theory,名詞,,
63,issue,名詞,,
64,experiment ,名詞,,
65,article,名詞,,
66,focus,名詞,,
67,subject,名詞,,
68,project,名詞,,
69,quality,名詞,,
70,role,名詞,,
71,term,名詞,,
72,statement,名詞,,
73,material,名詞,,
74,evidence,名詞,,
75,source,名詞,,
76,community,名詞,,
77,technology,名詞,,
78,culture,名詞,,
79,appropriate,形容詞,,
80,likely,形容詞,,
81,possible,形容詞,,
82,individual,形容詞,,
83,public,形容詞,,
84,common,形容詞,,
85,certain,形容詞,,
86,similar,形容詞,,
87,recent,形容詞,,
88,major,形容詞,,
89,patient,形容詞,,
90,particular,形容詞,,
91,physical,形容詞,,
92,various,形容詞,,
93,available,形容詞,,
94,native,形容詞,,
95,political,形容詞,,
96,due,形容詞,,
97,blank,形容詞,,
98,ancient,形容詞,,
99,correct,形容詞,,
100,despite,副詞,,
101,notice,動詞,,
102,refer,動詞,,
103,approach,動詞,,
104,wonder,動詞,,
105,imagine,動詞,,
106,recognize,動詞,,
107,solve,動詞,,
108,occur,動詞,,
109,argue,動詞,,
110,claim,動詞,,
111,express,動詞,,
112,draw,動詞,,
113,waste,動詞,,
114,advance,動詞,,
115,spread,動詞,,
116,prepare,動詞,,
117,gain,動詞,,
118,achieve,動詞,,
119,establish,動詞,,
120,supply,動詞,,
121,suppose,動詞,,
122,perform,動詞,,
123,prefer,動詞,,
124,determine,動詞,,
125,treat,動詞,,
126,prove,動詞,,
127,apply,動詞,,
128,mention,動詞,,
129,communicate,動詞,,
130,contain,動詞,,
131,contact,動詞,,
132,regard,動詞,,
133,respect,動詞,,
134,search,動詞,,
135,connect,動詞,,
136,decline,動詞,,
137,prevent,動詞,,
138,suffer,動詞,,
139,survive,動詞,,
140,publish,動詞,,
141,opportunity,名詞,,
142,task,名詞,,
143,industry,名詞,,
144,medium,名詞,,
145,economy,名詞,,
146,policy,名詞,,
147,account,名詞,,
148,trade,名詞,,
149,model,名詞,,
150,figure,名詞,,
151,cell,名詞,,
152,image,名詞,,
153,emotion,名詞,,
154,stress,名詞,,
155,decade,名詞,,
156,range,名詞,,
157,character,名詞,,
158,advantage,名詞,,
159,phrase,名詞,,
160,damage,名詞,,
161,impact,名詞,,
162,method,名詞,,
163,resource,名詞,,
164,region,名詞,,
165,medicine,名詞,,
166,detail,名詞,,
167,feature,名詞,,
168,function,名詞,,
169,access,名詞,,
170,item,名詞,,
171,income,名詞,,
172,attitude,名詞,,
173,site,名詞,,
174,aspect,名詞,,
175,structure,名詞,,
176,habit,名詞,,
177,link,名詞,,
178,instance,名詞,,
179,positive,形容詞,,
180,negative,形容詞,,
181,complex,形容詞,,
182,current,形容詞,,
183,mental,形容詞,,
184,specific,形容詞,,
185,significant,形容詞,,
186,essential,形容詞,,
187,official,形容詞,,
188,financial,形容詞,,
189,academic,形容詞,,
190,aware,形容詞,,
191,worth,形容詞,,
192,potential,形容詞,,
193,active,形容詞,,
194,digital,形容詞,,
195,mobile,形容詞,,
196,novel,形容詞,,
197,plastic,形容詞,,
198,chemical,形容詞,,
199,necessary,形容詞,,
200,eventually,副詞,,
201,identify,動詞,,
202,represent,動詞,,
203,indicate,動詞,,
204,manage,動詞,,
205,attend,動詞,,
206,maintain,動詞,,
207,survey,動詞,,
208,replace,動詞,,
209,sort,動詞,,
210,conduct,動詞,,
211,associate,動詞,,
212,attempt,動詞,,
213,promote,動詞,,
214,earn,動詞,,
215,unite,動詞,,
216,feed,動詞,,
217,seek,動詞,,
218,observe,動詞,,
219,reveal,動詞,,
220,estimate,動詞,,
221,reflect,動詞,,
222,attract,動詞,,
223,decrease,動詞,,
224,ignore,動詞,,
225,match,動詞,,
226,define,動詞,,
227,adapt,動詞,,
228,contribute,動詞,,
229,exchange,動詞,,
230,display,動詞,,
231,respond,動詞,,
232,hide,動詞,,
233,doubt,動詞,,
234,remove,動詞,,
235,wind,動詞,,
236,assume,動詞,,
237,relax,動詞,,
238,satisfy,動詞,,
239,desire,動詞,,
240,succeed,動詞,,
241,concept,名詞,,
242,fashion,名詞,,
243,device,名詞,,
244,charge,名詞,,
245,contrast,名詞,,
246,colleague,名詞,,
247,pain,名詞,,
248,bill,名詞,,
249,content,名詞,,
250,section,名詞,,
251,audience,名詞,,
252,surface,名詞,,
253,crop,名詞,,
254,topic,名詞,,
255,technique,名詞,,
256,status,名詞,,
257,option,名詞,,
258,reward,名詞,,
259,race,名詞,,
260,crime,名詞,,
261,conflict,名詞,,
262,struggle,名詞,,
263,context,名詞,,
264,debate,名詞,,
265,fuel,名詞,,
266,pollution,名詞,,
267,trend,名詞,,
268,balance,名詞,,
269,traffic,名詞,,
270,strategy,名詞,,
271,basis,名詞,,
272,consequence,名詞,,
273,aim,名詞,,
274,ancestor,名詞,,
275,gene,名詞,,
276,track,名詞,,
277,revolution,名詞,,
278,progress,名詞,,
279,cognitive,形容詞,,
280,ideal,形容詞,,
281,efficient,形容詞,,
282,universal,形容詞,,
283,vast,形容詞,,
284,extra,形容詞,,
285,entire,形容詞,,
286,familiar,形容詞,,
287,obvious,形容詞,,
288,moral,形容詞,,
289,ordinary,形容詞,,
290,equal,形容詞,,
291,previous,形容詞,,
292,false,形容詞,,
293,rare,形容詞,,
294,legal,形容詞,,
295,independent,形容詞,,
296,extreme,形容詞,,
297,actual,形容詞,,
298,willing,形容詞,,
299,urban,形容詞,,
300,whereas,接続詞,,
301,predict,動詞,,
302,examine,動詞,,
303,trust,動詞,,
304,stick,動詞,,
305,emerge,動詞,,
306,vary,動詞,,
307,release,動詞,,
308,divide,動詞,,
309,enable,動詞,,
310,judge,動詞,,
311,rely,動詞,,
312,engage,動詞,,
313,shift,動詞,,
314,adopt,動詞,,
315,acquire,動詞,,
316,expand,動詞,,
317,refuse,動詞,,
318,strike,動詞,,
319,repeat,動詞,,
320,consume,動詞,,
321,confuse,動詞,,
322,select,動詞,,
323,evolve,動詞,,
324,convince,動詞,,
325,recall,動詞,,
326,destroy,動詞,,
327,preserve,動詞,,
328,organize,動詞,,
329,warn,動詞,,
330,address,動詞,,
331,operate,動詞,,
332,participate,動詞,,
333,surround,動詞,,
334,flow,動詞,,
335,bore,動詞,,
336,complain,動詞,,
337,host,動詞,,
338,combine,動詞,,
339,extend,動詞,,
340,appreciate,動詞,,
341,target,名詞,,
342,element,名詞,,
343,principle,名詞,,
344,phenomenon,名詞,,
345,atmosphere,名詞,,
346,origin,名詞,,
347,personality,名詞,,
348,capacity,名詞,,
349,profit,名詞,,
350,circumstance,名詞,,
351,manner,名詞,,
352,threat,名詞,,
353,resident,名詞,,
354,wealth,名詞,,
355,institution,名詞,,
356,authority,名詞,,
357,vote,名詞,,
358,sight,名詞,,
359,campaign,名詞,,
360,fund,名詞,,
361,web,名詞,,
362,symbol,名詞,,
363,analysis,名詞,,
364,version,名詞,,
365,perspective,名詞,,
366,crisis,名詞,,
367,disaster,名詞,,
368,lecture,名詞,,
369,psychology,名詞,,
370,gender,名詞,,
371,custom,名詞,,
372,court,名詞,,
373,desert,名詞,,
374,soil,名詞,,
375,agriculture,名詞,,
376,fossil,名詞,,
377,document,名詞,,
378,vocabulary,名詞,,
379,intelligent,形容詞,,
380,conscious,形容詞,,
381,capable,形容詞,,
382,accurate,形容詞,,
383,fundamental,形容詞,,
384,artificial,形容詞,,
385,firm,形容詞,,
386,overall,形容詞,,
387,rural,形容詞,,
388,military,形容詞,,
389,nuclear,形容詞,,
390,biological,形容詞,,
391,constant,形容詞,,
392,severe,形容詞,,
393,visual,形容詞,,
394,enormous,形容詞,,
395,convenient,形容詞,,
396,domestic,形容詞,,
397,mass,形容詞,,
398,typical,形容詞,,
399,overseas,副詞,,
400,nevertheless,副詞,,
401,demonstrate,動詞,,
402,behave,動詞,,
403,educate,動詞,,
404,purchase,動詞,,
405,recommend,動詞,,
406,admit,動詞,,
407,generate,動詞,,
408,explore,動詞,,
409,amaze,動詞,,
410,tear,動詞,,
411,settle,動詞,,
412,afford,動詞,,
413,conclude,動詞,,
414,advertise,動詞,,
415,encounter,動詞,,
416,remind,動詞,,
417,locate,動詞,,
418,aid,動詞,,
419,rank,動詞,,
420,bite,動詞,,
421,deliver,動詞,,
422,perceive,動詞,,
423,distinguish,動詞,,
424,imply,動詞,,
425,handle,動詞,,
426,praise,動詞,,
427,appeal,動詞,,
428,insist,動詞,,
429,compete,動詞,,
430,deny,動詞,,
431,reject,動詞,,
432,intend,動詞,,
433,expose,動詞,,
434,favor,動詞,,
435,inspire,動詞,,
436,propose,動詞,,
437,spell,動詞,,
438,breathe,動詞,,
439,repair,動詞,,
440,consist,動詞,,
441,comment,名詞,,
442,instruction,名詞,,
443,religion,名詞,,
444,neighborhood,名詞,,
445,laboratory,名詞,,
446,presence,名詞,,
447,confidence,名詞,,
448,harm,名詞,,
449,category,名詞,,
450,instrument,名詞,,
451,capital,名詞,,
452,outcome,名詞,,
453,notion,名詞,,
454,review,名詞,,
455,trait,名詞,,
456,diversity,名詞,,
457,victim,名詞,,
458,occasion,名詞,,
459,facility,名詞,,
460,stock,名詞,,
461,conference,名詞,,
462,humanity,名詞,,
463,dialect,名詞,,
464,proportion,名詞,,
465,tip,名詞,,
466,lawyer,名詞,,
467,stuff,名詞,,
468,comfort,名詞,,
469,philosophy,名詞,,
470,mammal,名詞,,
471,quantity,名詞,,
472,landscape,名詞,,
473,tribe,名詞,,
474,organ,名詞,,
475,trial,名詞,,
476,norm,名詞,,
477,code,名詞,,
478,substance,名詞,,
479,multiple,形容詞,,
480,numerous,形容詞,,
481,narrow,形容詞,,
482,widespread,形容詞,,
483,sufficient,形容詞,,
484,proper,形容詞,,
485,linguistic,形容詞,,
486,annual,形容詞,,
487,contemporary,形容詞,,
488,contrary,形容詞,,
489,strict,形容詞,,
490,civil,形容詞,,
491,odd,形容詞,,
492,unknown,形容詞,,
493,superior,形容詞,,
494,sensitive,形容詞,,
495,violent,形容詞,,
496,virtual,形容詞,,
497,regardless,形容詞,,
498,immediate,形容詞,,
499,crucial,形容詞,,
500,somewhat,副詞,,
501,interpret,動詞,,
502,translate,動詞,,
503,concentrate,動詞,,
504,request,動詞,,
505,criticize,動詞,,
506,overcome,動詞,,
507,obtain,動詞,,
508,inform,動詞,,
509,ensure,動詞,,
510,announce,動詞,,
511,grant,動詞,,
512,freeze,動詞,,
513,oppose,動詞,,
514,differ,動詞,,
515,hate,動詞,,
516,emphasize,動詞,,
517,employ,動詞,,
518,credit,動詞,,
519,transform,動詞,,
520,construct,動詞,,
521,arise,動詞,,
522,beat,動詞,,
523,regret,動詞,,
524,alter,動詞,,
525,absorb,動詞,,
526,disappoint,動詞,,
527,cure,動詞,,
528,transport,動詞,,
529,rush,動詞,,
530,hang,動詞,,
531,blame,動詞,,
532,fascinate,動詞,,
533,ban,動詞,,
534,recover,動詞,,
535,celebrate,動詞,,
536,manufacture,動詞,,
537,interact,動詞,,
538,arrange,動詞,,
539,adjust,動詞,,
540,confirm,動詞,,
541,insight,名詞,,
542,innovation,名詞,,
543,budget,名詞,,
544,fee,名詞,,
545,expense,名詞,,
546,debt,名詞,,
547,loan,名詞,,
548,duty,名詞,,
549,alarm,名詞,,
550,emergency,名詞,,
551,democracy,名詞,,
552,minister,名詞,,
553,fellow,名詞,,
554,candidate,名詞,,
555,corporation,名詞,,
556,stereotype,名詞,,
557,route,名詞,,
558,disorder,名詞,,
559,depression,名詞,,
560,weapon,名詞,,
561,immigration,名詞,,
562,barrier,名詞,,
563,disadvantage,名詞,,
564,mood,名詞,,
565,motion,名詞,,
566,routine,名詞,,
567,discipline,名詞,,
568,myth,名詞,,
569,hypothesis,名詞,,
570,physician,名詞,,
571,client,名詞,,
572,colony,名詞,,
573,statistics,名詞,,
574,grain,名詞,,
575,ingredient,名詞,,
576,treasure,名詞,,
577,contract,名詞,,
578,welfare,名詞,,
579,prime,形容詞,,
580,curious,形容詞,,
581,dramatic,形容詞,,
582,distinct,形容詞,,
583,anxious,形容詞,,
584,vital,形容詞,,
585,conventional,形容詞,,
586,abstract,形容詞,,
587,minor,形容詞,,
588,extraordinary,形容詞,,
589,stable,形容詞,,
590,flexible,形容詞,,
591,brief,形容詞,,
592,aggressive,形容詞,,
593,visible,形容詞,,
594,unexpected,形容詞,,
595,ethnic,形容詞,,
596,alien,形容詞,,
597,initial,形容詞,,
598,exact,形容詞,,
599,precise,形容詞,,
600,latter,形容詞,,
601,commit,動詞,,
602,stimulate,動詞,,
603,enhance,動詞,,
604,pursue,動詞,,
605,react,動詞,,
606,disagree,動詞,,
607,stare,動詞,,
608,abandon,動詞,,
609,quit,動詞,,
610,capture,動詞,,
611,transfer,動詞,,
612,bother,動詞,,
613,persuade,動詞,,
614,rent,動詞,,
615,breed,動詞,,
616,invest,動詞,,
617,reserve,動詞,,
618,trace,動詞,,
619,illustrate,動詞,,
620,advise,動詞,,
621,convey,動詞,,
622,attach,動詞,,
623,stretch,動詞,,
624,puzzle,動詞,,
625,disturb,動詞,,
626,crash,動詞,,
627,permit,動詞,,
628,cope,動詞,,
629,impress,動詞,,
630,suspect,動詞,,
631,upset,動詞,,
632,frighten,動詞,,
633,import,動詞,,
634,export,動詞,,
635,investigate,動詞,,
636,monitor,動詞,,
637,calculate,動詞,,
638,eliminate,動詞,,
639,ease,動詞,,
640,launch,動詞,,
641,sequence,名詞,,
642,therapy,名詞,,
643,symptom,名詞,,
644,incident,名詞,,
645,witness,名詞,,
646,sum,名詞,,
647,burden,名詞,,
648,tone,名詞,,
649,honor,名詞,,
650,priority,名詞,,
651,logic,名詞,,
652,minimum,名詞,,
653,exception,名詞,,
654,clue,名詞,,
655,bond,名詞,,
656,virus,名詞,,
657,surgery,名詞,,
658,insurance,名詞,,
659,frame,名詞,,
660,award,名詞,,
661,shelter,名詞,,
662,territory,名詞,,
663,boundary,名詞,,
664,habitat,名詞,,
665,district,名詞,,
666,conservation,名詞,,
667,harvest,名詞,,
668,predator,名詞,,
669,trap,名詞,,
670,trick,名詞,,
671,fault,名詞,,
672,discount,名詞,,
673,bias,名詞,,
674,cooperation,名詞,,
675,patent,名詞,,
676,dialogue,名詞,,
677,component,名詞,,
678,reputation,名詞,,
679,verbal,形容詞,,
680,internal,形容詞,,
681,solid,形容詞,,
682,remote,形容詞,,
683,principal,形容詞,,
684,sophisticated,形容詞,,
685,equivalent,形容詞,,
686,rational,形容詞,,
687,relevant,形容詞,,
688,absolute,形容詞,,
689,frequent,形容詞,,
690,permanent,形容詞,,
691,intense,形容詞,,
692,meaningful,形容詞,,
693,evil,形容詞,,
694,extinct,形容詞,,
695,random,形容詞,,
696,raw,形容詞,,
697,rude,形容詞,,
698,mere,形容詞,,
699,tropical,形容詞,,
700,forth,副詞,,
701,possess,動詞,,
702,dominate,動詞,,
703,guarantee,動詞,,
704,melt,動詞,,
705,embarrass,動詞,,
706,discourage,動詞,,
707,detect,動詞,,
708,devote,動詞,,
709,urge,動詞,,
710,lend,動詞,,
711,restrict,動詞,,
712,isolate,動詞,,
713,accompany,動詞,,
714,exhaust,動詞,,
715,annoy,動詞,,
716,endanger,動詞,,
717,acknowledge,動詞,,
718,admire,動詞,,
719,evaluate,動詞,,
720,declare,動詞,,
721,secure,動詞,,
722,specialize,動詞,,
723,attribute,動詞,,
724,pretend,動詞,,
725,bury,動詞,,
726,reverse,動詞,,
727,resist,動詞,,
728,scare,動詞,,
729,imitate,動詞,,
730,assist,動詞,,
731,resemble,動詞,,
732,retire,動詞,,
733,neglect,動詞,,
734,collapse,動詞,,
735,reform,動詞,,
736,protest,動詞,,
737,owe,動詞,,
738,sustain,動詞,,
739,assign,動詞,,
740,accomplish,動詞,,
741,wisdom,名詞,,
742,literacy,名詞,,
743,heritage,名詞,,
744,mission,名詞,,
745,license,名詞,,
746,elite,名詞,,
747,layer,名詞,,
748,motor,名詞,,
749,protein,名詞,,
750,profession,名詞,,
751,editor,名詞,,
752,agent,名詞,,
753,globe,名詞,,
754,haven,名詞,,
755,row,名詞,,
756,sacrifice,名詞,,
757,means,名詞,,
758,session,名詞,,
759,league,名詞,,
760,contest,名詞,,
761,guard,名詞,,
762,opponent,名詞,,
763,glance,名詞,,
764,divorce,名詞,,
765,tissue,名詞,,
766,liquid,名詞,,
767,inequality,名詞,,
768,prejudice,名詞,,
769,justice,名詞,,
770,guideline,名詞,,
771,platform,名詞,,
772,sector,名詞,,
773,channel,名詞,,
774,glacier,名詞,,
775,primate,名詞,,
776,usage,名詞,,
777,fortune,名詞,,
778,correlataion,名詞,,
779,artistic,形容詞,,
780,literary,形容詞,,
781,classic,形容詞,,
782,liberal,形容詞,,
783,concrete,形容詞,,
784,slight,形容詞,,
785,federal,形容詞,,
786,primitive,形容詞,,
787,unfamiliar,形容詞,,
788,subtle,形容詞,,
789,plain,形容詞,,
790,marine,形容詞,,
791,apparent,形容詞,,
792,reluctant,形容詞,,
793,temporary,形容詞,,
794,guilty ,形容詞,,
795,royal,形容詞,,
796,pure,形容詞,,
797,incredible,形容詞,,
798,eager,形容詞,,
799,adequate,形容詞,,
800,via,前置詞,,
801,assess,動詞,,
802,approve,動詞,,
803,remark,動詞,,
804,pose,動詞,,
805,yield,動詞,,
806,exhibit,動詞,,
807,distribute,動詞,,
808,command,動詞,,
809,occupy,動詞,,
810,pop,動詞,,
811,pile,動詞,,
812,greet,動詞,,
813,apologize,動詞,,
814,frustrate,動詞,,
815,relieve,動詞,,
816,derive,動詞,,
817,deserve,動詞,,
818,peer,動詞,,
819,defeat,動詞,,
820,convert,動詞,,
821,wed,動詞,,
822,delight,動詞,,
823,boost,動詞,,
824,endure,動詞,,
825,correspond,動詞,,
826,impose,動詞,,
827,rescue,動詞,,
828,resolve,動詞,,
829,register,動詞,,
830,interrupt,動詞,,
831,rid,動詞,,
832,prohibit,動詞,,
833,compose,動詞,,
834,misunderstand,動詞,,
835,punish,動詞,,
836,ruin,動詞,,
837,defend,動詞,,
838,embrace,動詞,,
839,modify,動詞,,
840,qualify,動詞,,
841,passion,名詞,,
842,enthusiasm,名詞,,
843,phase,名詞,,
844,mode,名詞,,
845,span,名詞,,
846,gravity,名詞,,
847,orbit,名詞,,
848,asteroid,名詞,,
849,core,名詞,,
850,soul,名詞,,
851,nerve,名詞,,
852,infection,名詞,,
853,mall,名詞,,
854,grocery,名詞,,
855,humor,名詞,,
856,instinct,名詞,,
857,faith,名詞,,
858,courage,名詞,,
859,incentive,名詞,,
860,prospect,名詞,,
861,obstacle,名詞,,
862,architecture,名詞,,
863,stem,名詞,,
864,illusion,名詞,,
865,discrimination,名詞,,
866,shame,名詞,,
867,drought,名詞,,
868,flavor,名詞,,
869,portion,名詞,,
870,recipe,名詞,,
871,luxury,名詞,,
872,chip,名詞,,
873,ritual,名詞,,
874,sake,名詞,,
875,prefecture,名詞,,
876,council,名詞,,
877,administration,名詞,,
878,curriculum,名詞,,
879,generous,形容詞,,
880,precious,形容詞,,
881,casual,形容詞,,
882,optimistic,形容詞,,
883,rough,形容詞,,
884,unpleasant,形容詞,,
885,Arctic,形容詞,,
886,ultimate,形容詞,,
887,deaf,形容詞,,
888,genuine,形容詞,,
889,manual,形容詞,,
890,mechanical,形容詞,,
891,instant,形容詞,,
892,spare,形容詞,,
893,immune,形容詞,,
894,harsh,形容詞,,
895,collective,形容詞,,
896,inevitable,形容詞,,
897,profound,形容詞,,
898,steady,形容詞,,
899,mature,形容詞,,
900,likewise,副詞,,
901,chase,動詞,,
902,sue,動詞,,
903,gaze,動詞,,
904,slip,動詞,,
905,load,動詞,,
906,overwhelm,動詞,,
907,wander,動詞,,
908,float,動詞,,
909,pour,動詞,,
910,substitute,動詞,,
911,pronounce,動詞,,
912,shrink,動詞,,
913,restore,動詞,,
914,trigger,動詞,,
915,grab,動詞,,
916,retain,動詞,,
917,reproduce,動詞,,
918,bob,動詞,,
919,entertain,動詞,,
920,interfere,動詞,,
921,cultivate,動詞,,
922,underlie,動詞,,
923,anticipate,動詞,,
924,justify,動詞,,
925,regulate,動詞,,
926,scan,動詞,,
927,classify,動詞,,
928,submit,動詞,,
929,pause,動詞,,
930,lean,動詞,,
931,bump,動詞,,
932,fold,動詞,,
933,mount,動詞,,
934,hesitate,動詞,,
935,pump,動詞,,
936,exceed,動詞,,
937,undergo,動詞,,
938,confront,動詞,,
939,consult,動詞,,
940,fulfill,動詞,,
941,privilege,名詞,,
942,formation,名詞,,
943,dimension,名詞,,
944,neuron,名詞,,
945,sensation,名詞,,
946,chart,名詞,,
947,geography,名詞,,
948,panel,名詞,,
949,semester,名詞,,
950,workforce,名詞,,
951,mill,名詞,,
952,abuse,名詞,,
953,vice,名詞,,
954,fate,名詞,,
955,tragedy,名詞,,
956,scenario,名詞,,
957,allergy,名詞,,
958,wound,名詞,,
959,antibiotic,名詞,,
960,vaccine,名詞,,
961,metaphor,名詞,,
962,folk,名詞,,
963,fare,名詞,,
964,transition,名詞,,
965,maximum,名詞,,
966,galaxy,名詞,,
967,mineral,名詞,,
968,skeleton,名詞,,
969,counterpart,名詞,,
970,stroke,名詞,,
971,pedestrian,名詞,,
972,trail,名詞,,
973,ecology,名詞,,
974,sibling,名詞,,
975,ratio,名詞,,
976,mixture,名詞,,
977,charm,名詞,,
978,ambition,名詞,,
979,prominent,形容詞,,
980,radical,形容詞,,
981,prompt,形容詞,,
982,informal ,形容詞,,
983,mutual,形容詞,,
984,neutral,形容詞,,
985,alert,形容詞,,
986,magnetic,形容詞,,
987,polar,形容詞,,
988,fluent,形容詞,,
989,external,形容詞,,
990,passive,形容詞,,
991,awful,形容詞,,
992,unrelated,形容詞,,
993,cruel,形容詞,,
994,fake,形容詞,,
995,vulnerable,形容詞,,
996,urgent,形容詞,,
997,spiritual,形容詞,,
998,modest,形容詞,,
999,keen,形容詞,,
1000,nonetheless,副詞,,
1001,negotiate,動詞,,
1002,grasp,動詞,,
1003,donate,動詞,,
1004,arrest,動詞,,
1005,crack,動詞,,
1006,tap,動詞,,
1007,split,動詞,,
1008,forecast,動詞,,
1009,exclude,動詞,,
1010,overlook,動詞,,
1011,burst,動詞,,
1012,heal,動詞,,
1013,forbid,動詞,,
1014,install,動詞,,
1015,diminish,動詞,,
1016,cite,動詞,,
1017,quote,動詞,,
1018,dispute,動詞,,
1019,highlight,動詞,,
1020,distract,動詞,,
1021,cheat,動詞,,
1022,foster,動詞,,
1023,obey,動詞,,
1024,bend,動詞,,
1025,deprive,動詞,,
1026,govern,動詞,,
1027,log,動詞,,
1028,transmit,動詞,,
1029,bully,動詞,,
1030,leap,動詞,,
1031,astonish,動詞,,
1032,thrill,動詞,,
1033,nod,動詞,,
1034,bow,動詞,,
1035,blend,動詞,,
1036,complicate,動詞,,
1037,pitch,動詞,,
1038,persist,動詞,,
1039,dedicate,動詞,,
1040,equip,動詞,,
1041,premise,名詞,,
1042,input,名詞,,
1043,merit,名詞,,
1044,sympathy,名詞,,
1045,compliment,名詞,,
1046,infrastructure,名詞,,
1047,ray,名詞,,
1048,distress,名詞,,
1049,joint,名詞,,
1050,expedition,名詞,,
1051,adolescent,名詞,,
1052,shade,名詞,,
1053,jury,名詞,,
1054,ethic,名詞,,
1055,penalty,名詞,,
1056,faculty,名詞,,
1057,scheme,名詞,,
1058,nutrition,名詞,,
1059,particle,名詞,,
1060,molecule,名詞,,
1061,nationality,名詞,,
1062,poll,名詞,,
1063,clinic,名詞,,
1064,dementia,名詞,,
1065,fatigue,名詞,,
1066,dilemma,名詞,,
1067,queue,名詞,,
1068,curve,名詞,,
1069,narrative,名詞,,
1070,fingerprint,名詞,,
1071,file,名詞,,
1072,wilderness,名詞,,
1073,pesticide,名詞,,
1074,panic,名詞,,
1075,fabric,名詞,,
1076,fantasy,名詞,,
1077,fancy,名詞,,
1078,virtue,名詞,,
1079,grateful,形容詞,,
1080,valid,形容詞,,
1081,elaborate,形容詞,,
1082,moderate,形容詞,,
1083,dynamic,形容詞,,
1084,brave,形容詞,,
1085,brilliant,形容詞,,
1086,tremendous,形容詞,,
1087,oral,形容詞,,
1088,innocent,形容詞,,
1089,subsequent,形容詞,,
1090,shallow,形容詞,,
1091,indifferent,形容詞,,
1092,inferior,形容詞,,
1093,awkward,形容詞,,
1094,obese,形容詞,,
1095,pregnant,形容詞,,
1096,intimate,形容詞,,
1097,medieval,形容詞,,
1098,sacred,形容詞,,
1099,simultaneously,副詞,,
1100,versus,前置詞,,
1101,proceed,動詞,,
1102,orient,動詞,,
1103,surf,動詞,,
1104,filter,動詞,,
1105,bind,動詞,,
1106,resort,動詞,,
1107,reinforce,動詞,,
1108,accumulate,動詞,,
1109,bet,動詞,,
1110,advocate,動詞,,
1111,constitute,動詞,,
1112,undertake,動詞,,
1113,grip,動詞,,
1114,dismiss,動詞,,
1115,fade,動詞,,
1116,conceal,動詞,,
1117,chew,動詞,,
1118,swallow,動詞,,
1119,seal,動詞,,
1120,migrate,動詞,,
1121,exaggerate,動詞,,
1122,accuse,動詞,,
1123,vanish,動詞,,
1124,polish,動詞,,
1125,wipe,動詞,,
1126,sweep,動詞,,
1127,mislead,動詞,,
1128,spoil,動詞,,
1129,compound,動詞,,
1130,explode,動詞,,
1131,disgust,動詞,,
1132,commute,動詞,,
1133,decorate,動詞,,
1134,postpone,動詞,,
1135,cease,動詞,,
1136,compromise,動詞,,
1137,elect,動詞,,
1138,extract,動詞,,
1139,inherit,動詞,,
1140,rear,動詞,,
1141,empathy,名詞,,
1142,cue,名詞,,
1143,enterprise,名詞,,
1144,output,名詞,,
1145,congress,名詞,,
1146,millennium,名詞,,
1147,mankind,名詞,,
1148,Muslim,名詞,,
1149,estate,名詞,,
1150,landmine,名詞,,
1151,caution,名詞,,
1152,controversy,名詞,,
1153,consensus,名詞,,
1154,retail,名詞,,
1155,fiber,名詞,,
1156,scent,名詞,,
1157,beverage,名詞,,
1158,supplement,名詞,,
1159,diabetes,名詞,,
1160,province,名詞,,
1161,reef,名詞,,
1162,microbe,名詞,,
1163,excess,名詞,,
1164,gallery,名詞,,
1165,fame,名詞,,
1166,deadline,名詞,,
1167,undergraduate,名詞,,
1168,slavery,名詞,,
1169,prey,名詞,,
1170,mess,名詞,,
1171,recession,名詞,,
1172,retreat,名詞,,
1173,grave,名詞,,
1174,column,名詞,,
1175,scenery,名詞,,
1176,plot,名詞,,
1177,sculpture,名詞,,
1178,tablet,名詞,,
1179,dense,形容詞,,
1180,exotic,形容詞,,
1181,acid,形容詞,,
1182,bitter,形容詞,,
1183,sensible,形容詞,,
1184,noble,形容詞,,
1185,vague,形容詞,,
1186,parallel,形容詞,,
1187,tense,形容詞,,
1188,vertical,形容詞,,
1189,indigenous,形容詞,,
1190,aboriginal,形容詞,,
1191,seasonal,形容詞,,
1192,abundant,形容詞,,
1193,hybrid,形容詞,,
1194,irrelevant,形容詞,,
1195,ridiculous,形容詞,,
1196,fairy,形容詞,,
1197,sensory,形容詞,,
1198,chronic,形容詞,,
1199,voluntary,形容詞,,
1200,inclined,形容詞,,
1201,infer,動詞,,
1202,esteem,動詞,,
1203,tackle,動詞,,
1204,venture,動詞,,
1205,accelerate,動詞,,
1206,accustom,動詞,,
1207,amuse,動詞,,
1208,flourish,動詞,,
1209,thrive,動詞,,
1210,click,動詞,,
1211,nurture,動詞,,
1212,spin,動詞,,
1213,clip,動詞,,
1214,drag,動詞,,
1215,cast,動詞,,
1216,scatter,動詞,,
1217,tempt,動詞,,
1218,withdraw,動詞,,
1219,yawn,動詞,,
1220,blink,動詞,,
1221,dye,動詞,,
1222,spill,動詞,,
1223,irritate,動詞,,
1224,insult,動詞,,
1225,enforce,動詞,,
1226,rob,動詞,,
1227,drain,動詞,,
1228,suspend,動詞,,
1229,drift,動詞,,
1230,forgive,動詞,,
1231,revise,動詞,,
1232,recruit,動詞,,
1233,twist,動詞,,
1234,crush,動詞,,
1235,pin,動詞,,
1236,uncover,動詞,,
1237,exploit,動詞,,
1238,implement,動詞,,
1239,integrate,動詞,,
1240,incorporate,動詞,,
1241,profile,名詞,,
1242,appetite,名詞,,
1243,impulse,名詞,,
1244,script,名詞,,
1245,anniversary,名詞,,
1246,pension,名詞,,
1247,temper,名詞,,
1248,cortex,名詞,,
1249,syndrome,名詞,,
1250,chamber,名詞,,
1251,utility,名詞,,
1252,cattle,名詞,,
1253,herd,名詞,,
1254,fluid,名詞,,
1255,pity,名詞,,
1256,priest,名詞,,
1257,acquaintance,名詞,,
1258,offspring,名詞,,
1259,famine,名詞,,
1260,deforestation,名詞,,
1261,jail,名詞,,
1262,commodity,名詞,,
1263,format,名詞,,
1264,recipient,名詞,,
1265,drill,名詞,,
1266,inability,名詞,,
1267,republic,名詞,,
1268,combat,名詞,,
1269,debris,名詞,,
1270,bug,名詞,,
1271,fraction,名詞,,
1272,index,名詞,,
1273,intuition,名詞,,
1274,motive,名詞,,
1275,consent,名詞,,
1276,hierarchy,名詞,,
1277,monument,名詞,,
1278,asset,名詞,,
1279,decent,形容詞,,
1280,competent,形容詞,,
1281,straightforward,形容詞,,
1282,cosmetic,形容詞,,
1283,delicate,形容詞,,
1284,interior,形容詞,,
1285,transparent,形容詞,,
1286,aesthetic,形容詞,,
1287,deliberate,形容詞,,
1288,demographic,形容詞,,
1289,prehistoric,形容詞,,
1290,innate,形容詞,,
1291,mild,形容詞,,
1292,toxic,形容詞,,
1293,ashamed,形容詞,,
1294,humble,形容詞,,
1295,peculiar,形容詞,,
1296,steep,形容詞,,
1297,trivial,形容詞,,
1298,magnificent,形容詞,,
1299,wireless,形容詞,,
1300,ongoing,形容詞,,
1301,assure,動詞,,
1302,precede,動詞,,
1303,revive,動詞,,
1304,compel,動詞,,
1305,blossom,動詞,,
1306,terrify,動詞,,
1307,violate,動詞,,
1308,suppress,動詞,,
1309,deceive,動詞,,
1310,manipulate,動詞,,
1311,starve,動詞,,
1312,flee,動詞,,
1313,whisper,動詞,,
1314,yell,動詞,,
1315,deposit,動詞,,
1316,confine,動詞,,
1317,swing,動詞,,
1318,prolong,動詞,,
1319,depict,動詞,,
1320,outline,動詞,,
1321,shed,動詞,,
1322,emit,動詞,,
1323,renew,動詞,,
1324,utilize,動詞,,
1325,assert,動詞,,
1326,strain,動詞,,
1327,strive,動詞,,
1328,dare,動詞,,
1329,boast,動詞,,
1330,startle,動詞,,
1331,offend,動詞,,
1332,compute,動詞,,
1333,assemble,動詞,,
1334,worsen,動詞,,
1335,flip,動詞,,
1336,rub,動詞,,
1337,descend,動詞,,
1338,compensate,動詞,,
1339,comprise,動詞,,
1340,prevail,動詞,,
1341,quest,名詞,,
1342,dignity,名詞,,
1343,criterion,名詞,,
1344,paradox,名詞,,
1345,parliament,名詞,,
1346,legislation,名詞,,
1347,agenda,名詞,,
1348,mainstream,名詞,,
1349,troop,名詞,,
1350,epidemic,名詞,,
1351,outbreak,名詞,,
1352,chaos,名詞,,
1353,nightmare,名詞,,
1354,horror,名詞,,
1355,cluster,名詞,,
1356,pollen,名詞,,
1357,hive,名詞,,
1358,irrigation,名詞,,
1359,dose,名詞,,
1360,suicide,名詞,,
1361,feast,名詞,,
1362,cuisine,名詞,,
1363,rumor,名詞,,
1364,proverb,名詞,,
1365,signature,名詞,,
1366,formula,名詞,,
1367,tuition,名詞,,
1368,intake,名詞,,
1369,spectrum,名詞,,
1370,kidney,名詞,,
1371,gear,名詞,,
1372,aisle,名詞,,
1373,grief,名詞,,
1374,destiny,名詞,,
1375,skull,名詞,,
1376,tomb,名詞,,
1377,monk,名詞,,
1378,worship,名詞,,
1379,outstanding,形容詞,,
1380,unprecedented,形容詞,,
1381,infinite,形容詞,,
1382,worthwhile,形容詞,,
1383,indispensable,形容詞,,
1384,compulsory,形容詞,,
1385,probable,形容詞,,
1386,ambiguous,形容詞,,
1387,obscure,形容詞,,
1388,skeptical,形容詞,,
1389,fragile,形容詞,,
1390,static,形容詞,,
1391,gradual,形容詞,,
1392,vocal,形容詞,,
1393,vivid,形容詞,,
1394,imperial,形容詞,,
1395,hostile,形容詞,,
1396,superficial,形容詞,,
1397,scarce,形容詞,,
1398,gross,形容詞,,
1399,inherent,形容詞,,
1400,notable,形容詞,,
1401,update,名詞,,
1402,refresh,動詞,,
1403,bloom,動詞,,
1404,conquer,動詞,,
1405,induce,動詞,,
1406,attain,動詞,,
1407,spray,動詞,,
1408,retrieve,動詞,,
1409,portray,動詞,,
1410,scratch,動詞,,
1411,designate,動詞,,
1412,contradict,動詞,,
1413,sigh,動詞,,
1414,disrupt,動詞,,
1415,depart,動詞,,
1416,navigate,動詞,,
1417,beg,動詞,,
1418,inhabit,動詞,,
1419,diagnose,動詞,,
1420,comprehend,動詞,,
1421,oblige,動詞,,
1422,cram,動詞,,
1423,flock,動詞,,
1424,underestimate,動詞,,
1425,clarify,動詞,,
1426,spark,動詞,,
1427,dump,動詞,,
1428,seize,動詞,,
1429,soar,動詞,,
1430,glow,動詞,,
1431,disguise,動詞,,
1432,distort,動詞,,
1433,undermine,動詞,,
1434,abolish,動詞,,
1435,strip,動詞,,
1436,dispose,動詞,,
1437,weave,動詞,,
1438,refine,動詞,,
1439,enrich,動詞,,
1440,coordinate,動詞,,
1441,headline,名詞,,
1442,internship,名詞,,
1443,outlet,名詞,,
1444,remedy,名詞,,
1445,pill,名詞,,
1446,reception,名詞,,
1447,transaction,名詞,,
1448,mutation,名詞,,
1449,dairy,名詞,,
1450,compassion,名詞,,
1451,posture,名詞,,
1452,curse,名詞,,
1453,funeral,名詞,,
1454,census,名詞,,
1455,encyclopedia,名詞,,
1456,cereal,名詞,,
1457,fragment,名詞,,
1458,patch,名詞,,
1459,rubbish,名詞,,
1460,maze,名詞,,
1461,outlook,名詞,,
1462,breakthrough,名詞,,
1463,triumph,名詞,,
1464,ally,名詞,,
1465,spectator,名詞,,
1466,sphere,名詞,,
1467,behalf,名詞,,
1468,county,名詞,,
1469,interval,名詞,,
1470,circulation,名詞,,
1471,blade,名詞,,
1472,theft,名詞,,
1473,vacuum,名詞,,
1474,collision,名詞,,
1475,bargain,名詞,,
1476,landmark,名詞,,
1477,revenue,名詞,,
1478,treaty,名詞,,
1479,supreme,形容詞,,
1480,thorough,形容詞,,
1481,naked,形容詞,,
1482,sincere,形容詞,,
1483,tame,形容詞,,
1484,insufficient,形容詞,,
1485,dim,形容詞,,
1486,acute,形容詞,,
1487,disabled,形容詞,,
1488,metropolitan,形容詞,,
1489,monetary,形容詞,,
1490,alternate,形容詞,,
1491,partial,形容詞,,
1492,divine,形容詞,,
1493,drastic,形容詞,,
1494,fierce,形容詞,,
1495,sole,形容詞,,
1496,spontaneous,形容詞,,
1497,spatial,形容詞,,
1498,neat,形容詞,,
1499,tidy,形容詞,,
1500,loyal,形容詞,,
1501,bless,動詞,,
1502,regain,動詞,,
1503,conform,動詞,,
1504,enroll,動詞,,
1505,entitle,動詞,,
1506,halt,動詞,,
1507,provoke,動詞,,
1508,invade,動詞,,
1509,squeeze,動詞,,
1510,crawl,動詞,,
1511,digest,動詞,,
1512,utter,動詞,,
1513,refrain,動詞,,
1514,populate,動詞,,
1515,accommodate,動詞,,
1516,steer,動詞,,
1517,drown,動詞,,
1518,dip,動詞,,
1519,soak,動詞,,
1520,stir,動詞,,
1521,transplant,動詞,,
1522,reassure,動詞,,
1523,resume,動詞,,
1524,speculate,動詞,,
1525,surpass,動詞,,
1526,appoint,動詞,,
1527,intrigue,動詞,,
1528,decay,動詞,,
1529,contaminate,動詞,,
1530,swell,動詞,,
1531,delete,動詞,,
1532,tolerate,動詞,,
1533,envy,動詞,,
1534,pray,動詞,,
1535,confess,動詞,,
1536,resign,動詞,,
1537,dissolve,動詞,,
1538,unfold,動詞,,
1539,awaken,動詞,,
1540,conceive,動詞,,
1541,entrepreneur,名詞,,
1542,stake,名詞,,
1543,surplus,名詞,,
1544,inflation,名詞,,
1545,sweatshop,名詞,,
1546,clash,名詞,,
1547,sociology,名詞,,
1548,ideology,名詞,,
1549,margin,名詞,,
1550,realm,名詞,,
1551,domain,名詞,,
1552,algorithm,名詞,,
1553,prairie,名詞,,
1554,frontier,名詞,,
1555,bullet,名詞,,
1556,shield,名詞,,
1557,despair,名詞,,
1558,radiation,名詞,,
1559,placebo,名詞,,
1560,nursery,名詞,,
1561,spouse,名詞,,
1562,makeup,名詞,,
1563,mummy,名詞,,
1564,flesh,名詞,,
1565,limb,名詞,,
1566,odor,名詞,,
1567,laundry,名詞,,
1568,tide,名詞,,
1569,questionnaire,名詞,,
1570,nonsense,名詞,,
1571,revenge,名詞,,
1572,intellect,名詞,,
1573,hospitality,名詞,,
1574,librarian,名詞,,
1575,manuscript,名詞,,
1576,obsession,名詞,,
1577,hygiene,名詞,,
1578,paradigm,名詞,,
1579,legitimate,形容詞,,
1580,authentic,形容詞,,
1581,empirical,形容詞,,
1582,immense,形容詞,,
1583,absurd,形容詞,,
1584,weird,形容詞,,
1585,accidental,形容詞,,
1586,uneasy,形容詞,,
1587,jealous,形容詞,,
1588,feminine,形容詞,,
1589,swift,形容詞,,
1590,hollow,形容詞,,
1591,crude,形容詞,,
1592,sore,形容詞,,
1593,pessimistic,形容詞,,
1594,vain,形容詞,,
1595,susceptible,形容詞,,
1596,edible,形容詞,,
1597,sheer,形容詞,,
1598,explicit,形容詞,,
1599,prone,形容詞,,
1600,affluent,形容詞,,
1601,collaborate,動詞,,
1602,exert,動詞,,
1603,excel,動詞,,
1604,prosper,動詞,,
1605,surge,動詞,,
1606,intervene,動詞,,
1607,insert,動詞,,
1608,overtake,動詞,,
1609,snap,動詞,,
1610,carve,動詞,,
1611,addict,動詞,,
1612,condemn,動詞,,
1613,convict,動詞,,
1614,dictate,動詞,,
1615,prescribe,動詞,,
1616,inhibit,動詞,,
1617,stray,動詞,,
1618,roam,動詞,,
1619,enclose,動詞,,
1620,execute,動詞,,
1621,coincide,動詞,,
1622,lag,動詞,,
1623,cling,動詞,,
1624,erase,動詞,,
1625,grind,動詞,,
1626,knit,動詞,,
1627,inquire,動詞,,
1628,betray,動詞,,
1629,leak,動詞,,
1630,smash,動詞,,
1631,bounce,動詞,,
1632,sprawl,動詞,,
1633,converse,動詞,,
1634,recite,動詞,,
1635,disregard,動詞,,
1636,frown,動詞,,
1637,evoke,動詞,,
1638,pledge,動詞,,
1639,aspire,動詞,,
1640,contemplate,動詞,,
1641,grace,名詞,,
1642,enlightenment,名詞,,
1643,commerce,名詞,,
1644,draft,名詞,,
1645,barrel,名詞,,
1646,timber,名詞,,
1647,garment,名詞,,
1648,thread,名詞,,
1649,cabinet,名詞,,
1650,bureau,名詞,,
1651,autonomy,名詞,,
1652,toll,名詞,,
1653,discourse,名詞,,
1654,superstition,名詞,,
1655,glimpse,名詞,,
1656,arithmetic,名詞,,
1657,glossary,名詞,,
1658,archive,名詞,,
1659,legacy,名詞,,
1660,anthropology,名詞,,
1661,rage,名詞,,
1662,sorrow,名詞,,
1663,psychiatrist,名詞,,
1664,ward,名詞,,
1665,stall,名詞,,
1666,flame,名詞,,
1667,moisture,名詞,,
1668,irony,名詞,,
1669,warrior,名詞,,
1670,astronomy,名詞,,
1671,probe,名詞,,
1672,altitude,名詞,,
1673,tumor,名詞,,
1674,defect,名詞,,
1675,sanitation,名詞,,
1676,longevity,名詞,,
1677,scope,名詞,,
1678,sentiment,名詞,,
1679,plausible,形容詞,,
1680,vigorous,形容詞,,
1681,masculine,形容詞,,
1682,rigid,形容詞,,
1683,adverse,形容詞,,
1684,coherent,形容詞,,
1685,literal,形容詞,,
1686,arbitrary,形容詞,,
1687,anonymous,形容詞,,
1688,antique,形容詞,,
1689,eternal,形容詞,,
1690,intermediate,形容詞,,
1691,subordinate,形容詞,,
1692,gloomy,形容詞,,
1693,thermal,形容詞,,
1694,faint,形容詞,,
1695,naïve,形容詞,,
1696,apt,形容詞,,
1697,arrogant,形容詞,,
1698,extrovert,形容詞,,
1699,conspicuous,形容詞,,
1700,intact,形容詞,,
1701,embody,動詞,,
1702,illuminate,動詞,,
1703,console,動詞,,
1704,verify,動詞,,
1705,disclose,動詞,,
1706,stack,動詞,,
1707,rotate,動詞,,
1708,constrain,動詞,,
1709,hinder,動詞,,
1710,withstand,動詞,,
1711,tweet,動詞,,
1712,sneeze,動詞,,
1713,erupt,動詞,,
1714,blur,動詞,,
1715,overlap,動詞,,
1716,embed,動詞,,
1717,displace,動詞,,
1718,render,動詞,,
1719,plunge,動詞,,
1720,surrender,動詞,,
1721,plug,動詞,,
1722,suck,動詞,,
1723,mock,動詞,,
1724,tease,動詞,,
1725,soothe,動詞,,
1726,stain,動詞,,
1727,shun,動詞,,
1728,stumble,動詞,,
1729,flush,動詞,,
1730,impair,動詞,,
1731,presume,動詞,,
1732,contend,動詞,,
1733,roar,動詞,,
1734,haunt,動詞,,
1735,divert,動詞,,
1736,await,動詞,,
1737,fetch,動詞,,
1738,unify,動詞,,
1739,inspect,動詞,,
1740,entail,動詞,,
1741,tactics,名詞,,
1742,feat,名詞,,
1743,prestige,名詞,,
1744,analogy,名詞,,
1745,conscience,名詞,,
1746,textile,名詞,,
1747,deficit,名詞,,
1748,plague,名詞,,
1749,hazard,名詞,,
1750,metabolism,名詞,,
1751,paralysis,名詞,,
1752,grid,名詞,,
1753,carriage,名詞,,
1754,friction,名詞,,
1755,rebel,名詞,,
1756,regime,名詞,,
1757,monopoly,名詞,,
1758,staple,名詞,,
1759,merchandise,名詞,,
1760,vendor,名詞,,
1761,supervisor,名詞,,
1762,predecessor,名詞,,
1763,personnel,名詞,,
1764,vessel,名詞,,
1765,liver,名詞,,
1766,duration,名詞,,
1767,certificate,名詞,,
1768,geometry,名詞,,
1769,symmetry,名詞,,
1770,biography,名詞,,
1771,masterpiece,名詞,,
1772,rhyme,名詞,,
1773,premium,名詞,,
1774,breakdown,名詞,,
1775,courtesy,名詞,,
1776,protocol,名詞,,
1777,specimen,名詞,,
1778,thesis,名詞,,
1779,eligible,形容詞,,
1780,intrinsic,形容詞,,
1781,diligent,形容詞,,
1782,vocational,形容詞,,
1783,bankrupt,形容詞,,
1784,stern,形容詞,,
1785,stubborn,形容詞,,
1786,maternal,形容詞,,
1787,fertile,形容詞,,
1788,ripe,形容詞,,
1789,stiff,形容詞,,
1790,obsolete,形容詞,,
1791,vacant,形容詞,,
1792,acoustic,形容詞,,
1793,preliminary,形容詞,,
1794,approximate,形容詞,,
1795,implicit,形容詞,,
1796,punctual,形容詞,,
1797,complicated,形容詞,,
1798,ample,形容詞,,
1799,pervasice,形容詞,,
1800,ubiquitous,形容詞,,
1801,deduce,動詞,,
1802,simulate,動詞,,
1803,merge,動詞,,
1804,penetrate,動詞,,
1805,cater,動詞,,
1806,assault,動詞,,
1807,torture,動詞,,
1808,bleed,動詞,,
1809,erect,動詞,,
1810,cherish,動詞,,
1811,arouse,動詞,,
1812,doom,動詞,,
1813,mourn,動詞,,
1814,dread,動詞,,
1815,nourish,動詞,,
1816,inject,動詞,,
1817,swear,動詞,,
1818,bid,動詞,,
1819,corrupt,動詞,,
1820,preoccupy,動詞,,
1821,browse,動詞,,
1822,compile,動詞,,
1823,allocate,動詞,,
1824,offset,動詞,,
1825,restrain,動詞,,
1826,comply,動詞,,
1827,expire,動詞,,
1828,embark,動詞,,
1829,flap,動詞,,
1830,furnish,動詞,,
1831,forge,動詞,,
1832,thrust,動詞,,
1833,dispatch,動詞,,
1834,resent,動詞,,
1835,reconcile,動詞,,
1836,allege,動詞,,
1837,oppress,動詞,,
1838,expel,動詞,,
1839,ascend,動詞,,
1840,commence,動詞,,
1841,advent,名詞,,
1842,reign,名詞,,
1843,diplomacy,名詞,,
1844,embassy,名詞,,
1845,exile,名詞,,
1846,refuge,名詞,,
1847,plight,名詞,,
1848,solitude,名詞,,
1849,fallacy,名詞,,
1850,latitude,名詞,,
1851,eclipse,名詞,,
1852,basin,名詞,,
1853,erosion,名詞,,
1854,archaeology,名詞,,
1855,errand,名詞,,
1856,mercy,名詞,,
1857,rhetoric,名詞,,
1858,verse,名詞,,
1859,congestion,名詞,,
1860,sewage,名詞,,
1861,complement,名詞,,
1862,subsidy,名詞,,
1863,mortgage,名詞,,
1864,attorney,名詞,,
1865,outfit,名詞,,
1866,bulk,名詞,,
1867,reunion,名詞,,
1868,synthesis,名詞,,
1869,mold,名詞,,
1870,thirst,名詞,,
1871,greed,名詞,,
1872,bribe,名詞,,
1873,contempt,名詞,,
1874,texture,名詞,,
1875,orphan,名詞,,
1876,harassment,名詞,,
1877,hay,名詞,,
1878,doctrine,名詞,,
1879,holistic,形容詞,,
1880,liable,形容詞,,
1881,earnest,形容詞,,
1882,intelligible,形容詞,,
1883,abrupt,形容詞,,
1884,reckless,形容詞,,
1885,furious,形容詞,,
1886,eloquent,形容詞,,
1887,juvenile,形容詞,,
1888,notorious,形容詞,,
1889,timid,形容詞,,
1890,humid,形容詞,,
1891,contagious,形容詞,,
1892,cynical,形容詞,,
1893,dumb,形容詞,,
1894,monotonous,形容詞,,
1895,perpetual,形容詞,,
1896,dizzy,形容詞,,
1897,weary,形容詞,,
1898,numb,形容詞,,
1899,mortal,形容詞,,
1900,zealous,形容詞,,
1901,protect,動詞,,
1902,characteristic,名詞,,
1903,provide,動詞,,
1904,appear,動詞,,
1905,agree,動詞,,
1906,add,動詞,,
1907,cost,動詞,,
1908,control,動詞,,
1909,find,動詞,,
1910,author,名詞,,
1911,right,形容詞、名詞,,
1912,sound,名詞,,
1913,individual,名詞,,
1914,social,形容詞,,
1915,scientific,形容詞,,
1916,general,形容詞,,
1917,even,副詞,,
1918,yet,副詞,,
1919,rather,副詞,,
1920,instead,副詞,,
1921,each,形容詞、副詞,,
1922,gam,動詞,,
1923,fit,動詞,,
1924,fine,名詞,,
1925,temperature,名詞,,
1926,explanation,名詞,,
1927,solution,名詞,,
1928,degree,名詞,,
1929,clay,名詞,,
1930,epoch,名詞,,
1931,private,形容詞,,
1932,male,形容詞,,
1933,therefore,副詞,,
1934,thus,副詞,,
1935,otherwise,副詞,,
1936,both,形容詞,,
1937,graduate,動詞,,
1938,majority,名詞,,
1939,mass,名詞,,
1940,literature,名詞,,
1941,display,名詞,,
1942,vehicle,名詞,,
1943,direct,形容詞,,
1944,furthermore,副詞,,
1945,though,副詞,,
1946,thereby,副詞,,
1947,hence,副詞,,
1948,suit,動詞,,
1949,imagination,名詞,,
1950,achievement,名詞,,
1951,criminal,名詞,,
1952,creative,形容詞,,
1953,genetic,形容詞,,
1954,relative,形容詞,,
1955,tiny,形容詞,,
1956,desert,形容詞,,
1957,nowadays,副詞,,
1958,seldom,副詞,,
1959,meanwhile,副詞,,
1960,latter,名詞,,
1961,all,副詞,,
1962,expect,動詞,,
1963,infant,名詞,,
1964,illegal,形容詞,,
1965,primary,形容詞,,
1966,injure,動詞,,
1967,award,動詞,,
1968,inhabitant,名詞,,
1969,fare,名詞,,
1970,procedure,名詞,,
1971,hybrid,名詞,,
1972,equality,名詞,,
1973,capable,名詞,,
1974,reasonable,形容詞,,
1975,bilingual,形容詞,,
1976,distant,形容詞,,
1977,thick,形容詞,,
1978,elementary,形容詞,,
1979,comparison,名詞,,
1980,hemisphere,名詞,,
1981,trace,名詞,,
1982,secretary,名詞,,
1983,surgeon,名詞,,
1984,litter,名詞,,
1985,blaze,名詞,,
1986,democratic,形容詞,,
1987,racial,形容詞,,
1988,donor,名詞,,
1989,limitation,名詞,,
1990,the ~ft,名詞,,
1991,humorous,形容詞,,
1992,clog,動詞,,
1993,liberty,名詞,,
1994,prosperity,名詞,,
1995,equation,名詞,,
1996,conservative,形容詞,,
1997,cough,動詞,,
1998,dormitory,名詞,,
1999,crack,名詞,,
2000,ugly,形容詞,,
2001,discard,動詞,,
2002,clue,名詞,,
2003,chore,名詞,,
2004,flock,名詞,,
2005,currency,名詞,,
2006,abortion,名詞,,
2007,perfume,名詞,,
2008,selfish,形容詞,,
2009,unity,名詞,,
2010,craftsman,名詞,,
2011,gratitude,名詞,,
2012,decay,名詞,,
2013,ranch,名詞,,
2014,cottage,名詞,,
2015,spray,名詞,,
2016,secondary,形容詞,,
2017,bare,形容詞,,
2018,lessen,動詞,,
2019,scrub,動詞,,
2020,stirp,動詞,,
2021,devastate,動詞,,
2022,bathe,動詞,,
2023,cruise,動詞,,
2024,symbolize,動詞,,
2025,germ,名詞,,
2026,diagnosis,名詞,,
2027,pastime,名詞,,
2028,glow,名詞,,
2029,bold,形容詞,,
2030,holy,形容詞,,
2031,retail,形容詞,,
2032,clap,動詞,,
2033,sew,動詞,,
2034,revenge,動詞,,
2035,sparkle,動詞,,
2036,prose,名詞,,
2037,diameter,名詞,,
2038,peninsula,名詞,,
2039,sin,名詞,,
2040,taboo,名詞,,
2041,boredom,名詞,,
2042,misery,名詞,,
2043,amateur,名詞,,
2044,ambassador,名詞,,
2045,warfare,名詞,,
2046,botany,名詞,,
2047,commonplace,形容詞,,
2048,emigrate,動詞,,
2049,mutter,動詞,,
2050,murmur,動詞,,
2051,chuckle,動詞,,
2052,choke,動詞,,
2053,shiver,動詞,,
2054,tremble,動詞,,
2055,shave,動詞,,
2056,lure,動詞,,
2057,despise,動詞,,
2058,soybean,名詞,,
2059,bud,名詞,,
2060,vegetation,名詞,,
2061,wrinkle,名詞,,
2062,torture,名詞,,
2063,coward,名詞,,
2064,knot,名詞,,
2065,vapor,名詞,,
2066,thermometer,名詞,,
2067,triangle,名詞,,
2068,applause,名詞,,
2069,glory,名詞,,
2070,idle,形容詞,,
2071,clumsy,形容詞,,
2072,nasty,形容詞,,
2073,naughty,形容詞,,
2074,decisive,形容詞,,
2075,upright,形容詞,,
2076,marvelous,形容詞,,
2077,splendid,形容詞,,
2078,hatch,動詞,,
2079,enlarge,動詞,,
2080,indulge,動詞,,
2081,kneel,動詞,,
2082,wither,動詞,,
2083,creep,動詞,,
2084,ache,動詞,,
2085,foresee,動詞,,
2086,signify,動詞,,
2087,fake,動詞,,
2088,slap,動詞,,
2089,omit,動詞,,
2090,bankrupt,動詞,,
2091,extinguish,動詞,,
2092,mend,動詞,,
2093,congratulate,動詞,,
2094,trifle,名詞,,
2095,vein,名詞,,
2096,pilgrim,名詞,,
2097,deed,名詞,,
2098,mischief,名詞,,
2099,slaughter,名詞,,
2100,haste,名詞,,
2101,monarchy,名詞,,
2102,heir,名詞,,
2103,pardon,名詞,,
2104,mercury,名詞,,
2105,fusion,名詞,,
2106,spectacle,名詞,,
2107,eminent,形容詞,,
2108,tender,形容詞,,
2109,damp,形容詞,,
2110,rotten,形容詞,,
2111,sour,形容詞,,
2112,savage,形容詞,,
2113,superfluous,形容詞,,
2114,utmost,形容詞,,
2115,ponder,動詞,,
2116,meditate,動詞,,
2117,proclaim,動詞,,
2118,exclaim,動詞,,
2119,subscribe,動詞,,
2120,lament,動詞,,
2121,pant,動詞,,
2122,pierce,動詞,,
2123,intrude,動詞,,
2124,evaporate,動詞,,
2125,ferment,動詞,,
2126,aristocracy,名詞,,
2127,statesman,名詞,,
2128,senator,名詞,,
2129,creed,名詞,,
2130,vigor,名詞,,
2131,dismay,名詞,,
2132,melancholy,名詞,,
2133,agony,名詞,,
2134,anguish,名詞,,
2135,scorn,名詞,,
2136,apathy,名詞,,
2137,verge,名詞,,
2138,cavity,名詞,,
2139,riot,名詞,,
2140,ornament,名詞,,
2141,apparatus,名詞,,
2142,flaw,名詞,,
2143,aviation,名詞,,
2144,velocity,名詞,,
2145,parasite,名詞,,
2146,token,名詞,,
2147,discreet,形容詞,,
2148,wary,形容詞,,
2149,grim,形容詞,,
2150,solemn,形容詞,,
2151,dubious,形容詞,,
2152,ruthless,形容詞,,
2153,wicked,形容詞,,
2154,singular,形容詞,,
2155,slender,形容詞,,
2156,ultraviolet,形容詞,,
2157,spacious,形容詞,,
2158,discern,動詞,,
2159,ascribe,動詞,,
2160,abide,動詞,,
2161,plead,動詞,,
2162,preach,動詞,,
2163,humiliate,動詞,,
2164,reproach,動詞,,
2165,defy,動詞,,
2166,revolt,動詞,,
2167,inflict,動詞,,
2168,degrade,動詞,,
2169,deteriorate,動詞,,
2170,summon,動詞,,
2171,testify,動詞,,
2172,persecute,動詞,,
2173,coerce,動詞,,
2174,unleash,動詞,,
2175,emancipate,動詞,,
2176,endow,動詞,,
2177,scrutiny,名詞,,
2178,preoccupation,名詞,,
2179,retrospect,名詞,,
2180,conceit,名詞,,
2181,hypocrisy,名詞,,
2182,nuisance,名詞,,
2183,delinquency,名詞,,
2184,hostage,名詞,,
2185,lawsuit,名詞,,
2186,warrant,名詞,,
2187,testimony,名詞,,
2188,verdict,名詞,,
2189,sanction,名詞,,
2190,folklore,名詞,,
2191,anecdote,名詞,,
2192,segment,名詞,,
2193,cohesion,名詞,,
2194,heredity,名詞,,
2195,catastrophe,名詞,,
2196,ordeal,名詞,,
2197,tyranny,名詞,,
2198,censorship,名詞,,
2199,entity,名詞,,
2200,sovereign,名詞,,
2201,ingenious,形容詞,,
2202,intricate,形容詞,,
2203,homogeneous,形容詞,,
2204,incessant,形容詞,,
2205,imminent,形容詞,,
2206,deficient,形容詞,,
2207,feudal,形容詞,,
2208,extravagant ,形容詞,,
2209,compatible,形容詞,,
2210,sober,形容詞,,
2211,believe,動詞,,
2212,remember,動詞,,
2213,worry,動詞,,
2214,explain,動詞,,
2215,grow,動詞,,
2216,develop,動詞,,
2217,rise,動詞,,
2218,raise,動詞,,
2219,follow,動詞,,
2220,fill,動詞,,
2221,support,動詞,,
2222,face,動詞,,
2223,touch,動詞,,
2224,pay,動詞,,
2225,save,動詞,,
2226,happen,動詞,,
2227,work,動詞,,
2228,change,動詞,,
2229,run,動詞,,
2230,turn,動詞,,
2231,return,動詞,,
2232,stand,動詞,,
2233,lie,動詞,,
2234,brain,名詞,,
2235,mind,名詞,,
2236,language,名詞,,
2237,experience,名詞,,
2238,result,名詞,,
2239,sense,名詞,,
2240,way,名詞,,
2241,condition,名詞,,
2242,position,名詞,,
2243,nature,名詞,,
2244,rule,名詞,,
2245,sound,名詞,,
2246,form,名詞,,
2247,case,名詞,,
2248,age,名詞,,
2249,care,名詞,,
2250,risk,名詞,,
2251,human,形容詞,,
2252,free,形容詞,,
2253,sure,形容詞,,
2254,main,形容詞,,
2255,clear,形容詞,,
2256,close,形容詞,,
2257,unique,形容詞,,
2258,moreover,副詞,,
2259,besides,副詞,,
2260,note,動詞,,
2261,discover,動詞,,
2262,force,動詞,,
2263,order,動詞,,
2264,reach,動詞,,
2265,receive,動詞,,
2266,lead,動詞,,
2267,win,動詞,,
2268,lose,動詞,,
2269,fail,動詞,,
2270,miss,動詞,,
2271,lack,動詞,,
2272,wear,動詞,,
2273,focus,動詞,,
2274,professor,名詞,,
2275,sentence,名詞,,
2276,passage,名詞,,
2277,message,名詞,,
2278,government,名詞,,
2279,education,名詞,,
2280,customer,名詞,,
2281,rate,名詞,,
2282,chance,名詞,,
2283,effort,名詞,,
2284,amount,名詞,,
2285,expensive,形容詞,,
2286,normal,形容詞,,
2287,somehow,副詞,,
2288,wish,動詞,,
2289,serve,動詞,,
2290,pick,動詞,,
2291,enter,動詞,,
2292,damage,動詞,,
2293,act,動詞,,
2294,variety,名詞,,
2295,standard,名詞,,
2296,rest,名詞,,
2297,purpose,名詞,,
2298,factor,名詞,,
2299,shape,名詞,,
2300,ground,名詞,,
2301,disease,名詞,,
2302,death,名詞,,
2303,fear,名詞,,
2304,movement,名詞,,
2305,climate,名詞,,
2306,population,名詞,,
2307,generation,名詞,,
2308,present,形容詞,,
2309,serious,形容詞,,
2310,careful,形容詞,,
2311,responsible,形容詞,,
2312,afraid,形容詞,,
2313,whole,形容詞,,
2314,low,形容詞,,
2315,huge,形容詞,,
2316,central,形容詞,,
2317,safe,形容詞,,
2318,wild,形容詞,,
2319,unfortunately,副詞,,
2320,seemingly,副詞,,
2321,afterward,副詞,,
2322,altogether,副詞,,
2323,guess,動詞,,
2324,reply,動詞,,
2325,join,動詞,,
2326,attack,動詞,,
2327,marry,動詞,,
2328,taste,動詞,,
2329,smell,動詞,,
2330,separate,動詞,,
2331,disappear,動詞,,
2332,citizen,名詞,,
2333,career,名詞,,
2334,billion,名詞,,
2335,scale,名詞,,
2336,diet,名詞,,
2337,moment,名詞,,
2338,stage,名詞,,
2339,sort,名詞,,
2340,survey,名詞,,
2341,difficulty,名詞,,
2342,trouble,名詞,,
2343,whatever,代名詞,,
2344,local,形容詞,,
2345,smart,形容詞,,
2346,intellectual,形容詞,,
2347,fair,形容詞,,
2348,terrible,形容詞,,
2349,nearly,副詞,,
2350,merely,副詞,,
2351,lately,副詞,,
2352,apart,副詞,,
2353,promise,動詞,,
2354,gather,動詞,,
2355,score,動詞,,
2356,mix,動詞,,
2357,fix,動詞,,
2358,invent,動詞,,
2359,birth,名詞,,
2360,scene,名詞,,
2361,series,名詞,,
2362,background,名詞,,
2363,volunteer,名詞,,
2364,staff,名詞,,
2365,labor,名詞,,
2366,fun,名詞,,
2367,crowd,名詞,,
2368,poverty,名詞,,
2369,alternative,形容詞,,
2370,commercial,形容詞,,
2371,former,形容詞,,
2372,straight,形容詞,,
2373,regular,形容詞,,
2374,unlike,前置詞,,
2375,invite,動詞,,
2376,belong,動詞,,
2377,hurt,動詞,,
2378,press,動詞,,
2379,burn,動詞,,
2380,borrow,動詞,,
2381,steal,動詞,,
2382,escape,動詞,,
2383,neighbor,名詞,,
2384,household,名詞,,
2385,wheel,名詞,,
2386,delay,名詞,,
2387,electricity,名詞,,
2388,cancer,名詞,,
2389,flood,名詞,,
2390,earthquake,名詞,,
2391,talent,名詞,,
2392,scholar,名詞,,
2393,tradition,名詞,,
2394,vision,名詞,,
2395,amazing,形容詞,,
2396,calm,形容詞,,
2397,quiet,形容詞,,
2398,senior,形容詞,,
2399,elderly,形容詞,,
2400,tough,形容詞,,
2401,rapid,形容詞,,
2402,broad,形容詞,,
2403,nearby,形容詞,,
2404,excuse,動詞,,
2405,tie,動詞,,
2406,dislike,動詞,,
2407,hire,動詞,,
2408,root,名詞,,
2409,mine,名詞,,
2410,quarter,名詞,,
2411,era,名詞,,
2412,civilization,名詞,,
2413,universe,名詞,,
2414,board,名詞,,
2415,muscle,名詞,,
2416,wage,名詞,,
2417,credit,名詞,,
2418,asleep,形容詞,,
2419,alive,形容詞,,
2420,alike,形容詞,,
2421,exellent,形容詞,,
2422,chief,形容詞,,
2423,empty,形容詞,,
2424,blow,動詞,,
2425,lift,動詞,,
2426,shake,動詞,,
2427,lay,動詞,,
2428,ape,名詞,,
2429,insect,名詞,,
2430,battle,名詞,,
2431,enemy,名詞,,
2432,arm,名詞,,
2433,army,名詞,,
2434,navy,名詞,,
2435,border,名詞,,
2436,shortage,名詞,,
2437,union,名詞,,
2438,unit,名詞,,
2439,edge,名詞,,
2440,mystery,名詞,,
2441,frank,形容詞,,
2442,polite,形容詞,,
2443,pleasant,形容詞,,
2444,comfortable,形容詞,,
2445,thin,形容詞,,
2446,hurry,動詞,,
2447,roll,動詞,,
2448,dig,動詞,,
2449,tongue,名詞,,
2450,accent,名詞,,
2451,hunger,名詞,,
2452,obesity,名詞,,
2453,election,名詞,,
2454,ceremony,名詞,,
2455,theme,名詞,,
2456,destination,名詞,,
2457,sudden,形容詞,,
2458,exhausted,形容詞,,
2459,chat,動詞,,
2460,weigh,動詞,,
2461,strengthen,動詞,,
2462,weaken,動詞,,
2463,shut,動詞,,
2464,sink,動詞,,
2465,wrap,動詞,,
2466,length,名詞,,
2467,height,名詞,,
2468,volume,名詞,,
2469,square,名詞,,
2470,empire,名詞,,
2471,charity,名詞,,
2472,slave,名詞,,
2473,leisure,名詞,,
2474,statue,名詞,,
2475,mechanism,名詞,,
2476,shy,形容詞,,
2477,stupid,形容詞,,
2478,lonely,形容詞,,
2479,grand,形容詞,,
2480,cheer,動詞,,
2481,shoot,動詞,,
2482,murder,動詞,,
2483,shine,動詞,,
2484,poetry,名詞,,
2485,poison,名詞,,
2486,oxygen,名詞,,
2487,pole,名詞,,
2488,valley,名詞,,
2489,pioneer,名詞,,
2490,prison,名詞,,
2491,committee,名詞,,
2492,smooth,形容詞,,
2493,blind,形容詞,,
2494,boil,動詞,,
2495,continent,名詞,,
2496,suburb,名詞,,
2497,furniture,名詞,,
2498,refrigerator,名詞,,
2499,garbage,名詞,,
2500,trash,名詞,,
2501,obligation,名詞,,
2502,fever,名詞,,
2503,gentle,形容詞,,
2504,fond,形容詞,,
2505,dull,形容詞,,
2506,tight,形容詞,,
2507,scream,動詞,,
2508,hug,動詞,,
2509,voyage,名詞,,
2510,crew,名詞,,
2511,luggage,名詞,,
2512,horizon,名詞,,
2513,lightning,名詞,,
2514,dawn,名詞,,
2515,viewpoint,名詞,,
2516,chapter,名詞,,
2517,string,名詞,,
2518,tag,名詞,,
2519,peasant,名詞,,
2520,livestock,名詞,,
2521,sweat,名詞,,
2522,peer,名詞,,
2523,pale,形容詞,,
2524,loose,形容詞,,
2525,last,動詞,,
2526,summit,名詞,,
2527,mayor,名詞,,
2528,quarrel,名詞,,
2529,thief,名詞,,
2530,ambulance,名詞,,
2531,legend,名詞,,
2532,atom,名詞,,
2533,boom,名詞,,
2534,minute,形容詞,,
2535,the,冠詞,,
2536,to,前置詞,,
2537,I,代名詞,,
2538,"a, an",冠詞,,
2539,in,前置詞,,
2540,and,接続詞,,
2541,you,代名詞,,
2542,is,動詞,,
2543,of,前置詞,,
2544,it,代名詞,,
2545,have,動詞,,
2546,not,副詞,,
2547,was,動詞,,
2548,that,代名詞,,
2549,for,前置詞,,
2550,he,代名詞,,
2551,do,動詞,,
2552,are,動詞,,
2553,we,代名詞,,
2554,about,前置詞,,
2555,will,助動詞,,
2556,they,代名詞,,
2557,people,名詞,,
2558,she,代名詞,,
2559,at,前置詞,,
2560,can,助動詞,,
2561,my,代名詞,,
2562,go,動詞,,
2563,with,前置詞,,
2564,say,副詞,,
2565,but,接続詞,,
2566,on,前置詞,,
2567,want,動詞,,
2568,when,疑問詞,,
2569,there,副詞,,
2570,this,代名詞,,
2571,what,疑問詞,,
2572,so,副詞,,
2573,from,前置詞,,
2574,her,代名詞,,
2575,his,代名詞,,
2576,think,動詞,,
2577,did,助動詞,,
2578,make,動詞,,
2579,very,副詞,,
2580,me,代名詞,,
2581,like,動詞,,
2582,see,動詞,,
2583,many,形容詞,,
2584,one,名詞,,
2585,because,接続詞,,
2586,them,代名詞,,
2587,be,動詞,,
2588,some,形容詞,,
2589,how,疑問詞,,
2590,school,名詞,,
2591,time,名詞,,
2592,your,代名詞,,
2593,know,動詞,,
2594,am,動詞,,
2595,good,形容詞,,
2596,get,動詞,,
2597,were,動詞,,
2598,day,名詞,,
2599,more,形容詞,,
2600,their,代名詞,,
2601,thing,名詞,,
2602,use,動詞,,
2603,as,副詞,,
2604,come,動詞,,
2605,other,形容詞,,
2606,look,動詞,,
2607,take,動詞,,
2608,year,名詞,,
2609,by,前置詞,,
2610,our,代名詞,,
2611,student,名詞,,
2612,talk,動詞,,
2613,Mr,名詞,,
2614,all,形容詞,,
2615,English,名詞,,
2616,now,副詞,,
2617,Japanese,名詞、形容詞,,
2618,if,接続詞,,
2619,tell,動詞,,
2620,him,代名詞,,
2621,yes,副詞,,
2622,after,前置詞,,
2623,or,接続詞,,
2624,who,疑問詞,,
2625,Japan,名詞,,
2626,first,形容詞,,
2627,lot,名詞,,
2628,could,助動詞,,
2629,then,副詞,,
2630,give,動詞,,
2631,learn,動詞,,
2632,us,代名詞,,
2633,help,動詞,,
2634,also,副詞,,
2635,well,副詞,,
2636,should,助動詞,,
2637,book,名詞,,
2638,ask,動詞,,
2639,friend,名詞,,
2640,play,動詞,,
2641,than,接続詞,,
2642,why,疑問詞,,
2643,too,副詞,,
2644,enjoy,動詞,,
2645,study,動詞,,
2646,man,名詞,,
2647,old,形容詞,,
2648,no,副詞,,
2649,question,名詞,,
2650,country,名詞,,
2651,two,形容詞、名詞,,
2652,next,形容詞,,
2653,food,名詞,,
2654,become,動詞,,
2655,try,動詞,,
2656,read,動詞,,
2657,much,形容詞,,
2658,new,形容詞,,
2659,thank,動詞,,
2660,live,動詞,,
2661,start,動詞,,
2662,happy,形容詞,,
2663,really,副詞,,
2664,child,名詞,,
2665,something,代名詞,,
2666,world,名詞,,
2667,need,動詞,,
2668,important,形容詞,,
2669,long,形容詞,,
2670,life,名詞,,
2671,eat,動詞,,
2672,up,副詞,,
2673,which,疑問詞,,
2674,only,形容詞,,
2675,visit,動詞,,
2676,show,動詞,,
2677,mother,名詞,,
2678,every,形容詞,,
2679,last,形容詞,,
2680,home,名詞,,
2681,high,形容詞,,
2682,before,前置詞,,
2683,father,名詞,,
2684,picture,名詞,,
2685,hear,動詞,,
2686,family,名詞,,
2687,buy,動詞,,
2688,place,名詞,,
2689,would,助動詞,,
2690,different,形容詞,,
2691,class,名詞,,
2692,these,代名詞,,
2693,does,助動詞,,
2694,kind,形容詞,,
2695,house,名詞,,
2696,hard,副詞,,
2697,oh,間投詞,,
2698,write,動詞,,
2699,feel,動詞,,
2700,woman,名詞,,
2701,word,名詞,,
2702,around,前置詞,,
2703,call,動詞,,
2704,today,副詞、名詞,,
2705,here,副詞,,
2706,just,副詞,,
2707,better,形容詞、副詞,,
2708,back,副詞,,
2709,out,副詞,,
2710,understand,動詞,,
2711,please,副詞,,
2712,Ms.,名詞,,
2713,water,名詞,,
2714,small,形容詞,,
2715,big,形容詞,,
2716,let's,動詞,,
2717,may,助動詞,,
2718,three,形容詞、名詞,,
2719,problem,名詞,,
2720,most,形容詞,,
2721,always,副詞,,
2722,walk,動詞,,
2723,great,形容詞,,
2724,answer,動詞,,
2725,teacher,名詞,,
2726,game,名詞,,
2727,again,副詞,,
2728,city,名詞,,
2729,leave,動詞,,
2730,into,前置詞,,
2731,often,副詞,,
2732,speak,動詞,,
2733,watch,動詞,,
2734,keep,動詞,,
2735,the same,形容詞,,
2736,week,名詞,,
2737,where,疑問詞,,
2738,any（疑問文で）,形容詞,,
2739,money,名詞,,
2740,morning,名詞,,
2741,beautiful,形容詞,,
2742,meet,動詞,,
2743,future,名詞,,
2744,animal,名詞,,
2745,interested,形容詞,,
2746,OK / O.K.,形容詞、副詞,,
2747,name,名詞,,
2748,interesting,形容詞,,
2749,best,形容詞、副詞,,
2750,difficult,形容詞,,
2751,little,形容詞,,
2752,example,名詞,,
2753,room,名詞,,
2754,job,名詞,,
2755,stay,動詞,,
2756,put,動詞,,
2757,never,副詞,,
2758,together,副詞,,
2759,practice,動詞,,
2760,another,形容詞,,
2761,dog,名詞,,
2762,town,名詞,,
2763,stop,動詞,,
2764,month,名詞,,
2765,run,動詞,,
2766,clean,動詞,,
2767,teach,動詞,,
2768,team,名詞,,
2769,station,名詞,,
2770,young,形容詞,,
2771,move,動詞,,
2772,even,副詞,,
2773,begin,動詞,,
2774,hope,動詞,,
2775,over,前置詞,,
2776,night,名詞,,
2777,been,動詞,,
2778,bring,動詞,,
2779,love,動詞,,
2780,near,前置詞,,
2781,America,名詞,,
2782,library,名詞,,
2783,hi,間投詞,,
2784,ago,副詞,,
2785,park,名詞,,
2786,boy,名詞,,
2787,shop,名詞,,
2788,part,名詞,,
2789,nice,形容詞,,
2790,club,名詞,,
2791,such,形容詞,,
2792,train,名詞,,
2793,member,名詞,,
2794,everyone,名詞,,
2795,sometimes,副詞,,
2796,during,副詞,,
2797,story,名詞,,
2798,foreign,形容詞,,
2799,mountain,名詞,,
2800,number,名詞,,
2801,bus,名詞,,
2802,summer,名詞,,
2803,minute,名詞,,
2804,easy,形容詞,,
2805,still,副詞,,
2806,listen,動詞,,
2807,popular,形容詞,,
2808,hour,名詞,,
2809,a few,形容詞,,
2810,soon,副詞,,
2811,however,接続詞,,
2812,sleep,動詞,,
2813,girl,名詞,,
2814,down,副詞,,
2815,course,名詞,,
2816,sorry,形容詞,,
2817,festival,名詞,,
2818,lunch,名詞,,
2819,send,動詞,,
2820,surprised,形容詞,,
2821,own,形容詞,,
2822,those,代名詞,,
2823,scientist,名詞,,
2824,later,副詞,,
2825,person,名詞,,
2826,music,名詞,,
2827,enough,形容詞,,
2828,brother,名詞,,
2829,usually,副詞,,
2830,away,副詞,,
2831,finish,動詞,,
2832,hand,名詞,,
2833,light,名詞,,
2834,through,前置詞,,
2835,while,接続詞,,
2836,without,前置詞,,
2837,five,形容詞、名詞,,
2838,dream,名詞,,
2839,smile,動詞,,
2840,sport,名詞,,
2841,car,名詞,,
2842,earth,名詞,,
2843,movie,名詞,,
2844,letter,名詞,,
2845,four,形容詞、名詞,,
2846,tree,名詞,,
2847,anything,名詞,,
2848,wait,動詞,,
2849,parent,名詞,,
2850,second,形容詞,,
2851,open,動詞,,
2852,player,名詞,,
2853,able,形容詞,,
2854,its,代名詞,,
2855,hello,間投詞,,
2856,museum,名詞,,
2857,special,形容詞,,
2858,Australia,名詞,,
2859,information,名詞,,
2860,group,名詞,,
2861,must,助動詞,,
2862,famous,形容詞,,
2863,tea,名詞,,
2864,sister,名詞,,
2865,large,形容詞,,
2866,soccer,名詞,,
2867,paper,名詞,,
2868,bad,形容詞,,
2869,hold,動詞,,
2870,restaurant,名詞,,
2871,tomorrow,副詞、名詞,,
2872,Sunday,名詞,,
2873,both,名詞,,
2874,bag,名詞,,
2875,birthday,名詞,,
2876,wonderful,形容詞,,
2877,plant,名詞,,
2878,flower,名詞,,
2879,front,名詞,,
2880,trip,名詞,,
2881,yesterday,副詞、名詞,,
2882,someone,名詞,,
2883,choose,動詞,,
2884,space,名詞,,
2885,song,名詞,,
2886,history,名詞,,
2887,event,名詞,,
2888,travel,動詞,,
2889,bird,名詞,,
2890,favorite,形容詞,,
2891,river,名詞,,
2892,bike,名詞,,
2893,early,副詞,,
2894,robot,名詞,,
2895,activity,名詞,,
2896,sit,動詞,,
2897,drink,動詞,,
2898,afternoon,名詞,,
2899,fast,形容詞,,
2900,science,名詞,,
2901,grandfather,名詞,,
2902,speech,名詞,,
2903,sing,動詞,,
2904,doctor,名詞,,
2905,since,前置詞,,
2906,strong,形容詞,,
2907,sea,名詞,,
2908,between,前置詞,,
2909,useful,形容詞,,
2910,cannot,助動詞,,
2911,sad,形容詞,,
2912,Saturday,名詞,,
2913,true,形容詞,,
2914,hospital,名詞,,
2915,point,名詞,,
2916,party,名詞,,
2917,cook,動詞,,
2918,agree,動詞,,
2919,dinner,名詞,,
2920,computer,名詞,,
2921,cold,形容詞,,
2922,table,名詞,,
2923,eye,名詞,,
2924,ten,形容詞、名詞,,
2925,almost,副詞,,
2926,TV,名詞,,
2927,build,動詞,,
2928,fly,動詞,,
2929,tennis,名詞,,
2930,building,名詞,,
2931,sell,動詞,,
2932,off,副詞、前置詞,,
2933,American,名詞、形容詞,,
2934,junior high school,名詞,,
2935,homework,名詞,,
2936,blue,形容詞,,
2937,energy,名詞,,
2938,program,名詞,,
2939,grandmother,名詞,,
2940,glad,形容詞,,
2941,plan,名詞,,
2942,classmate,名詞,,
2943,spend,動詞,,
2944,body,名詞,,
2945,color,名詞,,
2946,Internet,名詞,,
2947,break,動詞,,
2948,until,前置詞,,
2949,fish,名詞,,
2950,mom,名詞,,
2951,carry,動詞,,
2952,ever,副詞,,
2953,green,形容詞,,
2954,traditional,形容詞,,
2955,sick,形容詞,,
2956,box,名詞,,
2957,store,名詞,,
2958,vacation,名詞,,
2959,feeling,名詞,,
2960,warm,形容詞,,
2961,white,形容詞,,
2962,close,動詞,,
2963,rain,動詞,,
2964,street,名詞,,
2965,machine,名詞,,
2966,yen,名詞,,
2967,end,名詞,,
2968,baby,名詞,,
2969,newspaper,名詞,,
2970,under,前置詞,,
2971,door,名詞,,
2972,forget,動詞,,
2973,present,名詞,,
2974,everything,名詞,,
2975,face,名詞,,
2976,fall,動詞,,
2977,cat,名詞,,
2978,already,副詞,,
2979,finally,副詞,,
2980,actually,副詞,,
2981,village,名詞,,
2982,graph,名詞,,
2983,shopping,名詞,,
2984,red,形容詞,,
2985,winter,名詞,,
2986,phone,名詞,,
2987,excited,形容詞,,
2988,once,副詞,,
2989,six,形容詞、名詞,,
2990,system,名詞,,
2991,cry,動詞,,
2992,easily,副詞,,
2993,news,名詞,,
2994,tired,形容詞,,
2995,forest,名詞,,
2996,math,名詞,,
2997,catch,動詞,,
2998,baseball,名詞,,
2999,swim,動詞,,
3000,busy,形容詞,,
3001,clothes,名詞,,
3002,sun,名詞,,
3003,power,名詞,,
3004,Canada,名詞,,
3005,nothing,代名詞,,
3006,star,名詞,,
3007,welcome,間投詞,,
3008,continue,動詞,,
3009,late,形容詞,,
3010,farmer,名詞,,
3011,quickly,副詞,,
3012,thirty,形容詞、名詞,,
3013,weekend,名詞,,
3014,air,名詞,,
3015,hot,形容詞,,
3016,bed,名詞,,
3017,dance,動詞,,
3018,area,名詞,,
3019,short,形容詞,,
3020,art,名詞,,
3021,arrive,動詞,,
3022,university,名詞,,
3023,wow,間投詞,,
3024,fact,名詞,,
3025,angry,形容詞,,
3026,United States,名詞,,
3027,black,形容詞,,
3028,ball,名詞,,
3029,basketball,名詞,,
3030,office,名詞,,
3031,Mrs.,名詞,,
3032,e-mail,名詞,,
3033,vegetable,名詞,,
3034,p.m. / P.M.,副詞,,
3035,die,動詞,,
3036,far,形容詞,,
3037,cake,名詞,,
3038,pass,動詞,,
3039,twenty,形容詞,,
3040,rich,形容詞,,
3041,alone,形容詞,,
3042,sign,名詞,,
3043,third,形容詞,,
3044,pet,名詞,,
3045,ride,動詞,,
3046,map,名詞,,
3047,though,接続詞,,
3048,lesson,名詞,,
3049,meeting,名詞,,
3050,poor,形容詞,,
3051,left,名詞、形容詞,,
3052,maybe,副詞,,
3053,difference,名詞,,
3054,o'clock,副詞,,
3055,son,名詞,,
3056,Africa,名詞,,
3057,hundred,形容詞,,
3058,abroad,副詞,,
3059,classroom,名詞,,
3060,road,名詞,,
3061,weather,名詞,,
3062,beach,名詞,,
3063,plane,名詞,,
3064,China,名詞,,
3065,exciting,形容詞,,
3066,rice,名詞,,
3067,half,名詞,,
3068,tour,名詞,,
3069,evening,名詞,,
3070,host,名詞,,
3071,communication,名詞,,
3072,farm,名詞,,
3073,goal,名詞,,
3074,wrong,疑問詞,,
3075,sky,名詞,,
3076,moon,名詞,,
3077,season,名詞,,
3078,test,名詞,,
3079,mistake,名詞,,
3080,London,名詞,,
3081,fine,形容詞,,
3082,less,形容詞,,
3083,myself,代名詞,,
3084,order,名詞,,
3085,seven,形容詞,,
3086,lake,名詞,,
3087,worker,名詞,,
3088,concert,名詞,,
3089,outside,副詞,,
3090,hall,名詞,,
3091,spring,名詞,,
3092,card,名詞,,
3093,gift,名詞,,
3094,type,名詞,,
3095,born,動詞,,
3096,suddenly,副詞,,
3097,window,名詞,,
3098,fruit,名詞,,
3099,among,前置詞,,
3100,shall,助動詞,,
3101,health,名詞,,
3102,piano,名詞,,
3103,collect,動詞,,
3104,strange,形容詞,,
3105,eight,形容詞,,
3106,seem,動詞,,
3107,hit,動詞,,
3108,side,名詞,,
3109,New York,名詞,,
3110,dictionary,名詞,,
3111,seat,名詞,,
3112,garden,名詞,,
3113,dangerous,形容詞,,
3114,laugh,動詞,,
3115,design,名詞,,
3116,dark,形容詞,,
3117,gold,名詞,,
3118,stone,名詞,,
3119,visitor,名詞,,
3120,writer,名詞,,
3121,head,名詞,,
3122,land,名詞,,
3123,done,動詞,,
3124,else,副詞,,
3125,top,名詞,,
3126,cooking,名詞,,
3127,kite,名詞,,
3128,fight,動詞,,
3129,elephant,名詞,,
3130,line,名詞,,
3131,daughter,名詞,,
3132,shoe,名詞,,
3133,field,名詞,,
3134,piece,名詞,,
3135,Friday,名詞,,
3136,grandma,名詞,,
3137,coffee,名詞,,
3138,several,形容詞,,
3139,especially,副詞,,
3140,milk,名詞,,
3141,product,名詞,,
3142,zoo,名詞,,
3143,uncle,名詞,,
3144,century,名詞,,
3145,floor,名詞,,
3146,Chinese,名詞、形容詞,,
3147,check,動詞,,
3148,natural,形容詞,,
3149,island,名詞,,
3150,along,前置詞,,
3151,wall,名詞,,
3152,wife,名詞,,
3153,forward,副詞,,
3154,himself,代名詞,,
3155,carefully,副詞,,
3156,wood,名詞,,
3157,tall,形容詞,,
3158,T-shirt,名詞,,
3159,paint,動詞,,
3160,report,名詞,,
3161,breakfast,名詞,,
3162,wind,名詞,,
3163,business,名詞,,
3164,Olympic,形容詞,,
3165,cool,形容詞,,
3166,center,名詞,,
3167,hotel,名詞,,
3168,football,名詞,,
3169,cut,動詞,,
3170,cup,名詞,,
3171,meaning,名詞,,
3172,real,形容詞,,
3173,dish,名詞,,
3174,inside,副詞,,
3175,Monday,名詞,,
3176,anyone,代名詞,,
3177,owner,名詞,,
3178,throw,動詞,,
3179,calendar,名詞,,
3180,gate,名詞,,
3181,nurse,名詞,,
3182,simple,形容詞,,
3183,tourist,名詞,,
3184,ticket,名詞,,
3185,yourself,代名詞,,
3186,Europe,名詞,,
3187,ice,名詞,,
3188,coin,名詞,,
3189,horse,名詞,,
3190,May,名詞,,
3191,college,名詞,,
3192,aunt,名詞,,
3193,probably,副詞,,
3194,prize,名詞,,
3195,voice,名詞,,
3196,nine,形容詞,,
3197,thousand,形容詞,,
3198,July,名詞,,
3199,heart,名詞,,
3200,million,形容詞,,
3201,theater,名詞,,
3202,snow,名詞,,
3203,slowly,副詞,,
3204,bottle,名詞,,
3205,full,形容詞,,
3206,leg,名詞,,
3207,tooth,名詞,,
3208,heat,名詞,,
3209,themselves,代名詞,,
3210,drive,動詞,,
3211,elementary school,名詞,,
3212,reslut,名詞,,
3213,opinion,名詞,,
3214,ready,形容詞,,
3215,healthy,形容詞,,
3216,desk,名詞,,
3217,goodbye,間投詞,,
3218,dad,名詞,,
3219,hungry,形容詞,,
3220,leader,名詞,,
3221,smartphone,名詞,,
3222,might,助動詞,,
3223,egg,名詞,,
3224,friendly,形容詞,,
3225,kid,名詞,,
3226,cherry,名詞,,
3227,cover,動詞,,
3228,hamburger,名詞,,
3229,behind,前置詞,,
3230,kill,動詞,,
3231,orange,名詞,,
3232,perfect,形容詞,,
3233,climb,動詞,,
3234,across,前置詞,,
3235,August,名詞,,
3236,percent,名詞,,
3237,temple,名詞,,
3238,cap,名詞,,
3239,past,名詞,,
3240,advice,名詞,,
3241,nervous,形容詞,,
3242,delicious,形容詞,,
3243,sugar,名詞,,
3244,adult,名詞,,
3245,pen,名詞,,
3246,notebook,名詞,,
3247,foot,名詞,,
3248,Dr.,名詞,,
3249,international,形容詞,,
3250,a.m. / A.M.,副詞,,
3251,against,前置詞,,
3252,stadium,名詞,,
3253,size,名詞,,
3254,cow,名詞,,
3255,April,名詞,,
3256,set,動詞,,
3257,service,名詞,,
3258,satellite,名詞,,
3259,introduce,動詞,,
3260,ring,動詞,,
3261,police,名詞,,
3262,national,形容詞,,
3263,salt,名詞,,
3264,lucky,形容詞,,
3265,dry,形容詞,,
3266,jump,動詞,,
3267,March,名詞,,
3268,ski,動詞,,
3269,print,動詞,,
3270,ocean,名詞,,
3271,dollar,名詞,,
3272,exercise,名詞,,
3273,captain,名詞,,
3274,volleyball,名詞,,
3275,meat,名詞,,
3276,price,名詞,,
3277,distance,名詞,,
3278,bridge,名詞,,
3279,England,名詞,,
3280,hair,名詞,,
3281,banana,名詞,,
3282,deep,形容詞,,
3283,king,名詞,,
3284,war,名詞,,
3285,meal,名詞,,
3286,husband,名詞,,
3287,June,名詞,,
3288,taste,名詞,,
3289,solar,形容詞,,
3290,wash,動詞,,
3291,photo,名詞,,
3292,Wednesday,名詞,,
3293,guide,動詞,,
3294,camp,動詞,,
3295,fire,名詞,,
3296,India,名詞,,
3297,fifteen,形容詞,,
3298,period,名詞,,
3299,rock,名詞,,
3300,France,名詞,,
3301,blood,名詞,,
3302,Christmas,名詞,,
3303,kilometer,名詞,,
3304,beginning,名詞,,
3305,fresh,形容詞,,
3306,marathon,名詞,,
3307,Tuesday,名詞,,
3308,apple,名詞,,
3309,global,形容詞,,
3310,fishing,名詞,,
3311,October,名詞,,
3312,yellow,形容詞,,
3313,researcher,名詞,,
3314,pull,動詞,,
3315,straight,副詞,,
3316,ship,名詞,,
3317,fifty,形容詞,,
3318,September,名詞,,
3319,planet,名詞,,
3320,professional,形容詞,,
3321,cookie,名詞,,
3322,sweet,形容詞,,
3323,rose,名詞,,
3324,chair,名詞,,
3325,mine,代名詞,,
3326,cute,形容詞,,
3327,factory,名詞,,
3328,proud,動詞,,
3329,bicycle,名詞,,
3330,Thursday,名詞,,
3331,dear,形容詞,,
3332,level,名詞,,
3333,juice,名詞,,
3334,cheap,形容詞,,
3335,coat,名詞,,
3336,sunny,形容詞,,
3337,video,名詞,,
3338,flight,名詞,,
3339,corner,名詞,,
3340,note,名詞,,
3341,clock,名詞,,
3342,conversation,名詞,,
3343,bread,名詞,,
3344,law,名詞,,
3345,heavy,形容詞,,
3346,tool,名詞,,
3347,teammate,名詞,,
3348,promise,名詞,,
3349,castle,名詞,,
3350,astronaut,名詞,,
3351,step,名詞,,
3352,toward,前置詞,,
3353,drop,動詞,,
3354,leaf,名詞,,
3355,clerk,名詞,,
3356,guitar,名詞,,
3357,radio,名詞,,
3358,perhaps,副詞,,
3359,living,形容詞,,
3360,dinosaur,名詞,,
3361,airport,名詞,,
3362,bookstore,名詞,,
3363,toy,名詞,,
3364,although,接続詞,,
3365,choice,名詞,,
3366,supermarket,名詞,,
3367,mouth,名詞,,
3368,nobody,代名詞,,
3369,society,名詞,,
3370,meter,名詞,,
3371,either,形容詞,,
3372,boat,名詞,,
3373,recycle,動詞,,
3374,shout,動詞,,
3375,drum,名詞,,
3376,soldier,名詞,,
3377,slow,形容詞,,
3378,website,名詞,,
3379,tomato,名詞,,
3380,luck,名詞,,
3381,deer,名詞,,
3382,CD,名詞,,
3383,god,名詞,,
3384,eleven,形容詞,,
3385,aurora,名詞,,
3386,band,名詞,,
3387,painting,名詞,,
3388,bank,名詞,,
3389,stick,名詞,,
3390,hat,名詞,,
3391,quite,副詞,,
3392,presentation,名詞,,
3393,page,名詞,,
3394,market,名詞,,
3395,date,名詞,,
3396,glass,名詞,,
3397,February,名詞,,
3398,New Zealand,名詞,,
3399,middle,名詞、形容詞,,
3400,average,形容詞,,
3401,ability,名詞,,
3402,action,名詞,,
3403,above,前置詞,,
3404,twelve,形容詞,,
3405,umbrella,名詞,,
3406,lady,名詞,,
3407,friendship,名詞,,
3408,bear,名詞,,
3409,doll,名詞,,
3410,tournament,名詞,,
3411,herself,代名詞,,
3412,accident,名詞,,
3413,artist,名詞,,
3414,wish,名詞,,
3415,gym,名詞,,
3416,schedule,名詞,,
3417,coach,名詞,,
3418,gas,名詞,,
3419,data,名詞,,
3420,north,名詞,,
3421,chorus,名詞,,
3422,puppy,名詞,,
3423,record,名詞,,
3424,wake,動詞,,
3425,clearly,副詞,,
3426,twice,名詞,,
3427,December,名詞,,
3428,list,名詞,,
3429,usual,形容詞,,
3430,yours,代名詞,,
3431,camera,名詞,,
3432,least,形容詞,,
3433,dead,形容詞,,
3434,bath,名詞,,
3435,January,名詞,,
3436,British,形容詞,,
3437,someday,副詞,,
3438,everyday,形容詞,,
3439,south,名詞,,
3440,forty,形容詞,,
3441,textbook,名詞,,
3442,comic,名詞,,
3443,fan,名詞,,
3444,tonight,副詞、名詞,,
3445,holiday,名詞,,
3446,chocolate,名詞,,
3447,post office,名詞,,
3448,teenager,名詞,,
3449,bee,名詞,,
3450,turtle,名詞,,
3451,push,動詞,,
3452,shock,動詞,,
3453,bright,動詞,,
3454,noise,名詞,,
3455,training,名詞,,
3456,object,名詞,,
3457,funny,形容詞,,
3458,billion,形容詞,,
3459,modern,形容詞,,
3460,speaker,名詞,,
3461,weak,形容詞,,
3462,fourth,形容詞,,
3463,Asia,名詞,,
3464,grade,名詞,,
3465,ink,名詞,,
3466,hole,名詞,,
3467,truth,名詞,,
3468,relationship,名詞,,
3469,rainy,形容詞,,
3470,firework,名詞,,
3471,percentage,名詞,,
3472,ear,名詞,,
3473,impossible,形容詞,,
3474,round,形容詞,,
3475,wave,名詞,,
3476,peace,名詞,,
3477,shirt,名詞,,
3478,accept,動詞,,
3479,dress,動詞,,
3480,following,形容詞,,
3481,November,名詞,,
3482,decision,名詞,,
3483,runner,名詞,,
3484,ant,名詞,,
3485,fat,形容詞,,
3486,pocket,名詞,,
3487,engineer,名詞,,
3488,importance,名詞,,
3489,interview,名詞,,
3490,intelligence,名詞,,
3491,lamp,名詞,,
3492,pencil,名詞,,
3493,pot,名詞,,
3494,metal,名詞,,
3495,driver,名詞,,
3496,department store,名詞,,
3497,telephone,名詞,,
3498,uniform,名詞,,
3499,lion,名詞,,
3500,stamp,名詞,,
3501,pretty,形容詞,,
3502,daily,形容詞,,
3503,magazine,名詞,,
3504,state,名詞,,
3505,church,名詞,,
3506,whose,代名詞,,
3507,helpful,形容詞,,
3508,style,名詞,,
3509,athlete,名詞,,
3510,performance,名詞,,
3511,secret,形容詞,,
3512,silver,名詞,,
3513,Brazil,名詞,,
3514,mobile phone,名詞,,
3515,lily,名詞,,
3516,taxi,名詞,,
3517,bowl,名詞,,
3518,French,名詞、形容詞,,
3519,skin,名詞,,
3520,wing,名詞,,
3521,invention,名詞,,
3522,cross,動詞,,
3523,whether,接続詞,,
3524,Mars,名詞,,
3525,east,名詞,,
3526,boring,形容詞,,
3527,everybody,代名詞,,
3528,pizza,名詞,,
3529,homestay,名詞,,
3530,kitchen,名詞,,
3531,recently,副詞,,
3532,wedding,名詞,,
3533,safety,名詞,,
3534,sightseeing,名詞,,
3535,sandwich,名詞,,
3536,tear,名詞,,
3537,nose,名詞,,
3538,key,名詞,,
3539,bell,名詞,,
3540,Hawaii,名詞,,
3541,cloud,名詞,,
3542,western,形容詞,,
3543,attention,名詞,,
3544,process,名詞,,
3545,sleepy,形容詞,,
3546,speed,名詞,,
3547,bone,名詞,,
3548,Britain,名詞,,
3549,seed,名詞,,
3550,singer,名詞,,
3551,Sydney,名詞,,
3552,expression,名詞,,
3553,quietly,副詞,,
3554,merchant,名詞,,
3555,California,名詞,,
3556,shrine,名詞,,
3557,magic,名詞,,
3558,queen,名詞,,
3559,sheet,名詞,,
3560,hunter,名詞,,
3561,dirty,形容詞,,
3562,happiness,名詞,,
3563,joy,名詞,,
3564,guest,名詞,,
3565,officer,名詞,,
3566,bean,名詞,,
3567,user,名詞,,
3568,sheep,名詞,,
3569,per,前置詞,,
3570,soup,名詞,,
3571,west,名詞,,
3572,Korea,名詞,,
3573,toilet,名詞,,
3574,expert,名詞,,
3575,vending machine,名詞,,
3576,entrance,名詞,,
3577,actor,名詞,,
3578,wide,形容詞,,
3579,successful,形容詞,,
3580,convenience,名詞,,
3581,koala,名詞,,
3582,poster,名詞,,
3583,penguin,名詞,,
3584,railway,名詞,,
3585,ballet,名詞,,
3586,anyway,副詞,,
3587,understanding,名詞,,
3588,count,動詞,,
3589,musician,名詞,,
3590,breath,名詞,,
3591,circle,名詞,,
3592,president,名詞,,
3593,cloudy,形容詞,,
3594,popcorn,名詞,,
3595,Germany,名詞,,
3596,potato,名詞,,
3597,addition,名詞,,
3598,address,名詞,,
3599,pressure,名詞,,
3600,challenge,名詞,,
3601,soft,形容詞,,
3602,lifestyle,名詞,,
3603,wallet,名詞,,
3604,beef,名詞,,
3605,wise,形容詞,,
3606,bloss,名詞,,
3607,rugby,名詞,,
3608,rope,名詞,,
3609,leaflet,名詞,,
3610,clever,形容詞,,
3611,grass,名詞,,
3612,seventy,形容詞,,
3613,surprise,動詞,,
3614,fry,動詞,,
3615,anger,名詞,,
3616,completely,副詞,,
3617,passenger,名詞,,
3618,competition,名詞,,
3619,mouse,名詞,,
3620,loud,形容詞,,
3621,airplane,名詞,,
3622,exactly,副詞,,
3623,bottom,名詞,,
3624,bacteria,名詞,,
3625,tunnel,名詞,,
3626,swallow,名詞,,
3627,worse,疑問詞,,
3628,discovery,名詞,,
3629,advertisement,名詞,,
3630,master,動詞,,
3631,elevator,名詞,,
3632,pound,名詞,,
3633,pop,形容詞,,
3634,shell,名詞,,
3635,tower,名詞,,
3636,oil,名詞,,
3637,silent,形容詞,,
3638,behavior,名詞,,
3639,fisherman,名詞,,
3640,necklace,名詞,,
3641,powder,名詞,,
3642,Berlin,名詞,,
3643,somewhere,副詞,,
3644,surprising,形容詞,,
3645,powerful,形容詞,,
3646,African,形容詞,,
3647,hill,名詞,,
3648,anymore,副詞,,
3649,success,名詞,,
3650,snake,名詞,,
3651,Antarctica,名詞,,
3652,skate,動詞,,
3653,vote,動詞,,
3654,bride,名詞,,
3655,wheelchair,名詞,,
3656,cousin,名詞,,
3657,disappointed,形容詞,,
3658,pair,名詞,,
3659,pink,形容詞,,
3660,development,名詞,,
3661,gesture,名詞,,
3662,partner,名詞,,
3663,personal,形容詞,,
3664,Singapore,名詞,,
3665,pond,名詞,,
3666,sail,名詞,,
3667,zone,名詞,,
3668,sixty,形容詞,,
3669,below,前置詞,,
3670,finger,名詞,,
3671,noon,名詞,,
3672,electric,形容詞,,
3673,everywhere,副詞,,
3674,wet,形容詞,,
3675,original,形容詞,,
3676,panda,名詞,,
3677,rabbit,名詞,,
3678,racket,名詞,,
3679,score,名詞,,
3680,pool,名詞,,
3681,cage,名詞,,
3682,sale,名詞,,
3683,happily,副詞,,
3684,direction,名詞,,
3685,sand,名詞,,
3686,total,名詞,,
3687,brown,形容詞,,
3688,drama,名詞,,
3689,housework,名詞,,
3690,bite,名詞,,
3691,medical,形容詞,,
3692,curry,名詞,,
3693,female,名詞,,
3694,interviewer,名詞,,
3695,cave,名詞,,
3696,gun,名詞,,
3697,shark,名詞,,
3698,originally,副詞,,
3699,forever,副詞,,
3700,mile,名詞,,
3701,homeroom,名詞,,
3702,United Kingdom,名詞,,
3703,stranger,名詞,,
3704,gray,形容詞,,
3705,scissors,名詞,,
3706,crow,名詞,,
3707,comma,名詞,,
3708,weight,名詞,,
3709,Paris,名詞,,
3710,storm,名詞,,
3711,tail,名詞,,
3712,couple,名詞,,
3713,cicada,名詞,,
3714,fifth,形容詞,,
3715,spot,名詞,,
3716,base,名詞,,
3717,central,名詞,,
3718,knife,名詞,,
3719,Miss,名詞,,
3720,remain,動詞,,
3721,Roman,形容詞,,
3722,chain,名詞,,
3723,dolphin,名詞,,
3724,album,名詞,,
3725,dancer,名詞,,
3726,ghost,名詞,,
3727,Venus,名詞,,
3728,kitten,名詞,,
3729,rain forest,名詞,,
3730,yeah,副詞,,
3731,Spanish,名詞,,
3732,crowded,形容詞,,
3733,certainly,副詞,,
3734,bit,名詞,,
3735,Italy,名詞,,
3736,nest,名詞,,
3737,postcard,名詞,,
3738,spirit,名詞,,
3739,novel,名詞,,
3740,danger,名詞,,
3741,loss,名詞,,
3742,camel,名詞,,
3743,anywhere,副詞,,
3744,brush,動詞,,
3745,engine,名詞,,
3746,cloth,名詞,,
3747,sunlight,名詞,,
3748,nut,名詞,,
3749,bulb,名詞,,
3750,principal,名詞,,
3751,menu,名詞,,
3752,Asian,形容詞,,
3753,Australian,形容詞,,
3754,cultural,形容詞,,
3755,directly,副詞,,
3756,neck,名詞,,
3757,block,名詞,,
3758,golden,形容詞,,
3759,hometown,名詞,,
3760,beauty,名詞,,
3761,collection,名詞,,
3762,hunt,動詞,,
3763,limit,名詞,,
3764,pack,動詞,,
3765,diary,名詞,,
3766,media,名詞,,
3767,painter,名詞,,
3768,assistance,名詞,,
3769,onto,前置詞,,
3770,slide,動詞,,
3771,text,名詞,,
3772,film,名詞,,
3773,Finland,名詞,,
3774,cafeteria,名詞,,
3775,kick,動詞,,
3776,shoulder,名詞,,
3777,towel,名詞,,
3778,basic,形容詞,,
3779,foreigner,名詞,,
3780,European,名詞,,
3781,unhappy,形容詞,,
3782,sixteen,形容詞,,
3783,traveler,名詞,,
3784,violin,名詞,,
3785,yard,名詞,,
3786,connection,名詞,,
3787,exam,名詞,,
3788,monkey,名詞,,
3789,male,名詞,,
3790,online,形容詞,,
3791,safely,副詞,,
3792,exhibition,名詞,,
3793,force,名詞,,
3794,sticky,形容詞,,
3795,grandparent,名詞,,
3796,cream,名詞,,
3797,knock,動詞,,
3798,wooden,形容詞,,
3799,plate,名詞,,
3800,thirteen,形容詞,,
3801,winner,名詞,,
3802,hero,名詞,,
3803,environmental,形容詞,,
3804,pilot,名詞,,
3805,sensor,名詞,,
3806,bakery,名詞,,
3807,operation,名詞,,
3808,craft,名詞,,
3809,dust,名詞,,
3810,pie,名詞,,
3811,wine,名詞,,
3812,volcano,名詞,,
3813,bubble,名詞,,
3814,printer,名詞,,
3815,beside,前置詞,,
3816,photograph,名詞,,
3817,branch,名詞,,
3818,discussion,名詞,,
3819,waiter,名詞,,
3820,handmade,形容詞,,
3821,signal,名詞,,
3822,trumpet,名詞,,
3823,hurricane,名詞,,
3824,deeply,副詞,,
3825,fourteen,形容詞,,
3826,apartment,名詞,,
3827,corn,名詞,,
3828,ourselves,代名詞,,
3829,worst,形容詞,,
3830,Dutch,名詞,,
3831,lemon,名詞,,
3832,café,名詞,,
3833,fence,名詞,,
3834,greenhouse,名詞,,
3835,organization,名詞,,
3836,inch,名詞,,
3837,none,副詞,,
3838,purse,名詞,,
3839,horn,名詞,,
3840,exploration,名詞,,
3841,refugee,名詞,,
3842,colorful,形容詞,,
3843,bar,名詞,,
3844,Italian,名詞,,
3845,roof,名詞,,
3846,German,名詞,,
3847,title,名詞,,
3848,chef,名詞,,
3849,honest,形容詞,,
3850,impression,名詞,,
3851,reporter,名詞,,
3852,salad,名詞,,
3853,single,形容詞,,
3854,reuse,動詞,,
3855,shelf,名詞,,
3856,tube,名詞,,
3857,tray,名詞,,
3858,aquarium,名詞,,
3859,calligraphy,名詞,,
3860,laughter,名詞,,
3861,mascot,名詞,,
3862,riddle,名詞,,
3863,wizard,名詞,,
3864,manager,名詞,,
3865,chicken,名詞,,
3866,hunting,名詞,,
3867,pleasure,名詞,,
3868,stomach,名詞,,
3869,eighteen,形容詞,,
3870,final,形容詞,,
3871,smoke,名詞,,
3872,bake,動詞,,
3873,pattern,名詞,,
3874,designer,名詞,,
3875,rocket,名詞,,
3876,stream,名詞,,
3877,Thailand,名詞,,
3878,weed,名詞,,
3879,carbon,名詞,,
3880,Hawaiian,名詞,,
3881,mosquito,名詞,,
3882,candle,名詞,,
3883,discuss,動詞,,
3884,embarrassed,形容詞,,
3885,flat,形容詞,,
3886,including,前置詞,,
3887,jacket,名詞,,
3888,match,名詞,,
3889,button,名詞,,
3890,liter,名詞,,
3891,seriously,副詞,,
3892,sir,名詞,,
3893,copy,名詞,,
3894,Greek,名詞,,
3895,heaven,名詞,,
3896,medal,名詞,,
3897,Korean,名詞,,
3898,shower,名詞,,
3899,sidewalk,名詞,,
3900,cleanup,名詞,,
3901,rainbow,名詞,,
3902,lane,名詞,,
3903,silk,名詞,,
3904,telescope,名詞,,
3905,yawn,名詞,,
3906,hey,間投詞,,
3907,itself,代名詞,,
3908,bark,動詞,,
3909,hobby,名詞,,
3910,noodle,名詞,,
3911,quick,形容詞,,
3912,bathroom,名詞,,
3913,gram,名詞,,
3914,bat,名詞,,
3915,brass band,名詞,,
3916,effective,形容詞,,
3917,mostly,副詞,,
3918,orchestra,名詞,,
3919,Pacific,形容詞,,
3920,pupil,名詞,,
3921,high scool,名詞,,
3922,mistake,動詞,,
3923,delay,動詞,,
